Date,Time,Transaction Details,Transaction ID,Transaction Type,Amount
"Sep 22, 2026",10:36 PM,Paid to Swiggy Ltd,T2609222236521586960043,DEBIT,174
"Sep 22, 2026",12:48 PM,Paid to SWIGGY,T2609221248355266451535,DEBIT,171
"Sep 21, 2026",2:17 PM,Paid to Swiggy Ltd,T2609211417383325897570,DEBIT,253
"Sep 20, 2026",5:11 PM,Paid to MEESHO TECHNOLOGIES PRIVATE LIMITED,T2609201711536015823928,DEBIT,149
"Sep 19, 2026",2:48 PM,Paid to Ms GOWTHAMI  MULAKALACHERUVU,T2609191448161599337535,DEBIT,1000
"Sep 19, 2026",1:04 PM,Paid to PASYAM  NARASIMHULU,T2609191304124331843955,DEBIT,70
"Sep 19, 2026",12:05 PM,Received from Sweet Home,T2609191205525442863887,CREDIT,1000
"Sep 18, 2026",9:33 PM,Paid to SWIGGY,T2609182133413866954087,DEBIT,132
"Sep 18, 2026",8:55 AM,Paid to MEESHO TECHNOLOGIES PRIVATE LIMITED,T2609180855369383750458,DEBIT,134
"Sep 17, 2026",12:05 PM,Paid to Mr K BAVAJAN,T2609171205314097995537,DEBIT,20
"Sep 16, 2026",5:35 PM,Received from Sweet Home,T2609161735360353758481,CREDIT,5000
"Sep 10, 2026",9:20 PM,Paid to 7995454881ptyes,T2609102120397878293809,DEBIT,40
"Sep 09, 2026",6:11 PM,Paid to Bharathi Vakkalaku,T2609091811524582263748,DEBIT,62
"Sep 08, 2026",6:30 PM,Paid to BLINKIT COMMERCE PRIVATE LIMITED,T2609081830054340966695,DEBIT,223
"Sep 08, 2026",5:17 PM,Paid to SUBRAMANYAM  KALLA,T2609081717249168208273,DEBIT,100
"Sep 08, 2026",10:52 AM,Received from Nanammma,T2609081052111793875549,CREDIT,500
"Sep 07, 2026",12:28 PM,Paid to M RAMANJULU,T2609071228381025933791,DEBIT,20
"Sep 05, 2026",7:48 PM,Paid to S  SUBAN  BASHA,T2609051948222306869819,DEBIT,40
"Sep 04, 2026",9:04 PM,Received from Srilekha,T2609042104378242672149,CREDIT,40
"Sep 04, 2026",9:27 AM,Paid to Blinkit,T2609040927366630094561,DEBIT,188
"Sep 02, 2026",6:11 PM,Paid to Srilekha,T2609021811423794653027,DEBIT,158
"Sep 02, 2026",6:02 AM,Received from Chinna,T2609020602517514653674,CREDIT,1000
"Aug 31, 2026",6:22 PM,Paid to Swiggy,T2608311822142031729957,DEBIT,174
"Aug 30, 2026",1:00 PM,Paid to SUBRAMANYAM  KALLA,T2608301300435025242787,DEBIT,150
"Aug 29, 2026",8:34 PM,Paid to M KISHORE,T2608292034196317407411,DEBIT,40
"Aug 29, 2026",6:33 PM,Paid to Mr JUday Kumar Murali,T2608291833466215242626,DEBIT,70
"Aug 29, 2026",4:34 PM,Paid to D Kaveri,T2608291633588388774482,DEBIT,40
"Aug 27, 2026",12:08 PM,Paid to SVC STALL,T2608271208482900598230,DEBIT,105
"Aug 27, 2026",8:45 AM,Paid to Bharathi Vakkalaku,T2608270845359643308411,DEBIT,20
"Aug 26, 2026",11:49 AM,Paid to Bharathi Vakkalaku,T2608261149050355167576,DEBIT,40
"Aug 25, 2026",11:12 PM,Paid to SWIGGY INSTAMART,T2608252312151021826812,DEBIT,143
"Aug 25, 2026",7:41 PM,Paid to Bharathi Vakkalaku,T2608251941217592399978,DEBIT,60
"Aug 25, 2026",1:01 PM,Paid to Swiggy Ltd,T2608251301287064021392,DEBIT,182
"Aug 25, 2026",1:01 PM,Received from Sweet Home,T2608251301066566089488,CREDIT,2000
"Aug 24, 2026",10:25 AM,Paid to Mr. C ANNAPOORNA,T2608241024594054556936,DEBIT,80
"Aug 23, 2026",9:02 PM,Paid to K silpa,T2608232102176002805250,DEBIT,39
"Aug 23, 2026",5:45 PM,Paid to D Saran Kumar,T2608231744581703352988,DEBIT,10
"Aug 23, 2026",5:44 PM,Paid to D Saran Kumar,T2608231744436659511276,DEBIT,40
"Aug 23, 2026",5:44 PM,Paid to Santhi Toys,T2608231744144318208205,DEBIT,30
"Aug 23, 2026",2:18 PM,Paid to Blinkit,T2608231418051624381035,DEBIT,179
"Aug 23, 2026",9:59 AM,Paid to BLINKIT COMMERCE PRIVATE LIMITED,T2608230959149780926760,DEBIT,174
"Aug 22, 2026",9:55 PM,Paid to OUDARYA LAKSHMI STOREs ,T2608222155138131236841,DEBIT,50
"Aug 22, 2026",9:43 PM,Paid to Manis Tiffins,T2608222143090616462032,DEBIT,10
"Aug 22, 2026",9:22 PM,Paid to Balaji chat bandhar,T2608222122221882355919,DEBIT,75
"Aug 22, 2026",7:19 PM,Paid to ARAKU COFFEE CAFE,T2608221919037424462724,DEBIT,80
"Aug 22, 2026",4:26 PM,Paid to ARAKU COFFEE CAFE,T2608221626251658319104,DEBIT,10
"Aug 22, 2026",4:22 PM,Paid to D Kaveri,T2608221622320234088000,DEBIT,40
"Aug 22, 2026",4:21 PM,Paid to B Rameshwar Lal Jat,T2608221621392517794281,DEBIT,60
"Aug 22, 2026",3:55 PM,Paid to M S SRI SAI MEDICAL STORE,T2608221555349849795950,DEBIT,137
"Aug 21, 2026",7:51 PM,Paid to SUBRAMANYAM  KALLA,T2608211951045056260137,DEBIT,60
"Aug 21, 2026",5:33 PM,Paid to Swiggy Ltd,T2608211733215648716799,DEBIT,174
"Aug 20, 2026",9:09 PM,Paid to Srilekha,T2608202109551193273659,DEBIT,246
"Aug 20, 2026",9:08 PM,Refund from MEESHO TECHNOLOGIES PRIVATE LIMITED,T2608202108528450026438,CREDIT,246
"Aug 20, 2026",7:24 PM,Paid to Rupa tea and cool drinks,T2608201924548539189326,DEBIT,20
"Aug 20, 2026",1:45 PM,Paid to THAHIRBASHA SHAIK,T2608201345153357133925,DEBIT,70
"Aug 20, 2026",8:17 AM,Paid to Anjali canteen,T2608200817494599989452,DEBIT,45
"Aug 20, 2026",7:54 AM,Paid to Sujatha,T2608200754092318204246,DEBIT,2
"Aug 20, 2026",7:50 AM,Paid to Sujatha,T2608200749568248973817,DEBIT,10
"Aug 20, 2026",7:38 AM,Paid to C Giri,T2608200738202787717997,DEBIT,30
"Aug 19, 2026",6:09 PM,Paid to KOUSHIKA ENTERPRISES,T2608191809297881230334,DEBIT,30
"Aug 19, 2026",5:56 PM,Paid to KOUSHIKA ENTERPRISES,T2608191756173639867234,DEBIT,545
"Aug 19, 2026",12:19 PM,Paid to C Giri,T2608191219455283137265,DEBIT,50
"Aug 19, 2026",11:55 AM,Paid to MAYURI COLORS,T2608191155537399950608,DEBIT,105
"Aug 18, 2026",9:54 PM,Paid to Bharathi Vakkalaku,T2608182154292651790244,DEBIT,10
"Aug 18, 2026",9:35 PM,Paid to Pg,T2608182135093970467735,DEBIT,4200
"Aug 18, 2026",9:34 PM,Received from Sweet Home,T2608182134149609175811,CREDIT,5000
"Aug 18, 2026",6:11 PM,Paid to Dominos Pizza,T2608181811349732522948,DEBIT,176.22
"Aug 18, 2026",12:34 PM,Paid to Swiggy Ltd,T2608181234555258121912,DEBIT,174
"Aug 17, 2026",8:45 PM,Mobile recharged 9398971980,NB26081720450382922215982,DEBIT,353
"Aug 16, 2026",5:31 PM,Received from Sweet Home,T2608161730582634545426,CREDIT,2000
"Aug 16, 2026",4:59 PM,Paid to Mahamad Anif D,T2608161659371638531114,DEBIT,200
"Aug 16, 2026",4:51 PM,Paid to ARUN KUMAR,T2608161651096218153220,DEBIT,10
"Aug 16, 2026",4:16 PM,Paid to KUMAR P,T2608161616385655203057,DEBIT,60
"Aug 15, 2026",10:09 PM,Paid to Jumbo softy bigade road ,T2608152209319242262995,DEBIT,78
"Aug 15, 2026",10:04 PM,Paid to SYED USMAN,T2608152204124148240096,DEBIT,150
"Aug 15, 2026",5:37 PM,Paid to ANITHA C,T2608151737190233891904,DEBIT,160
"Aug 15, 2026",4:15 PM,Paid to Rapido,T2608151615503808323581,DEBIT,50
"Aug 15, 2026",3:55 PM,Paid to TSF Food Soda Counter,T2608151555143374210704,DEBIT,20
"Aug 15, 2026",1:57 PM,Paid to Rapido,T2608151357018241910534,DEBIT,80
"Aug 14, 2026",5:44 PM,Paid to Kotti Yaswanth Royal,T2608141744207914676333,DEBIT,150
"Aug 13, 2026",7:58 PM,Received from Mr Mulakalacheruvu Prathap Kumar,T2608131958349199363308,CREDIT,1000
"Aug 13, 2026",1:59 PM,Paid to SWIGGY,T2608131359259296437757,DEBIT,227
"Aug 13, 2026",11:42 AM,Paid to Mr. C ANNAPOORNA,T2608131142439851123360,DEBIT,40
"Aug 13, 2026",11:39 AM,Paid to GONIPALLI RAMESH,T2608131139153420082495,DEBIT,20
"Aug 13, 2026",11:05 AM,Received from ******0348,T2608131105074348608086,CREDIT,10000
"Aug 13, 2026",11:02 AM,Received from Marva💫,T2608131102245495614740,CREDIT,8000
"Aug 13, 2026",10:54 AM,Received from Marva💫,T2608131054326376732708,CREDIT,2000
"Aug 13, 2026",10:20 AM,Paid to MAHENDRA JUICE ,T2608131020025948149794,DEBIT,30
"Aug 13, 2026",9:01 AM,Received from Maloth Likhitha,T2608130901498854235637,CREDIT,20
"Aug 13, 2026",8:45 AM,Paid to C Giri,T2608130845234746524932,DEBIT,30
"Aug 12, 2026",6:20 PM,Paid to YUVAN MEDICALS,T2608121820157171184912,DEBIT,10
"Aug 12, 2026",3:02 PM,Paid to Swiggy,T2608121502500351849952,DEBIT,174
"Aug 12, 2026",9:56 AM,Paid to Mr. C ANNAPOORNA,T2608120956280924236265,DEBIT,80
"Aug 11, 2026",9:24 PM,Paid to Ms GOWTHAMI  MULAKALACHERUVU,T2608112124027561367356,DEBIT,1000
"Aug 11, 2026",9:22 PM,Received from Sweet Home,T2608112122381907722630,CREDIT,1000
"Aug 11, 2026",7:20 PM,Paid to Bharathi Vakkalaku,T2608111920299718023634,DEBIT,20
"Aug 11, 2026",5:26 PM,Paid to SUBRAMANYAM  KALLA,T2608111726045720694803,DEBIT,100
"Aug 10, 2026",7:21 PM,Refund from MEESHO TECHNOLOGIES PRIVATE LIMITED,T2608101921387520230990,CREDIT,124
"Aug 10, 2026",5:08 PM,Paid to AASHEESH KUSHWAHA,T2608101708509689848429,DEBIT,80
"Aug 10, 2026",4:32 PM,Paid to AVENUE SUPERMARTS LIMITED,T2608101632197234618272,DEBIT,435
"Aug 09, 2026",10:02 PM,Paid to C Giri,T2608092201584201952276,DEBIT,45
"Aug 09, 2026",9:59 PM,Paid to M S SRI SAI MEDICAL STORE,T2608092159085728965494,DEBIT,44
"Aug 09, 2026",7:29 PM,Paid to VALLURU  RADHAKRISHNA,T2608091929406749828836,DEBIT,20
"Aug 09, 2026",3:19 PM,Paid to GOKUL CHICKEN CENTER ,T2608091519381443507715,DEBIT,10
"Aug 09, 2026",1:31 PM,Paid to Garuda Bakery ,T2608091331178793895599,DEBIT,260
"Aug 09, 2026",9:23 AM,Received from Mr Mulakalacheruvu Prathap Kumar,T2608090923310902407608,CREDIT,1000
"Aug 07, 2026",4:18 PM,Paid to Chill zone ice cream ,T2608071618303404786611,DEBIT,60
"Aug 06, 2026",10:24 PM,Received from Srilekha,T2608062224485890345006,CREDIT,246
"Aug 06, 2026",10:24 PM,Paid to MEESHO TECHNOLOGIES PRIVATE LIMITED,T2608062224361908421791,DEBIT,246
"Aug 06, 2026",2:05 PM,Paid to Swiggy,T2608061405319617650540,DEBIT,174
"Aug 05, 2026",4:58 PM,Paid to SU TIRUPATI NAIDU COMPLEX,T2608051658031238506126,DEBIT,2096
"Aug 05, 2026",4:57 PM,Received from Sweet Home,T2608051657155477660536,CREDIT,2000
"Aug 04, 2026",6:12 PM,Paid to MEESHO TECHNOLOGIES PRIVATE LIMITED,T2608041812427498269812,DEBIT,124
"Aug 04, 2026",4:19 PM,Paid to B V V FOODS-EDC,T2608041619296005315590,DEBIT,80
"Aug 03, 2026",8:10 PM,Paid to Swiggy Ltd,T2608032010179428865842,DEBIT,143
"Aug 03, 2026",5:00 PM,Paid to Srilekha,T2608031700481340638222,DEBIT,85
"Aug 03, 2026",4:57 PM,Paid to T  MUNEMMA,T2608031657382203343375,DEBIT,30
"Aug 03, 2026",4:44 PM,Paid to Lucky juice cornor and cafe,T2608031644037169060607,DEBIT,10
"Aug 03, 2026",4:30 PM,Received from Mr Mulakalacheruvu Prathap Kumar,T2608031630368149889492,CREDIT,500
"Aug 03, 2026",3:56 PM,Paid to D SABEENA,T2608031556255617313466,DEBIT,40
"Aug 03, 2026",1:36 PM,Paid to Srilekha,T2608031336120415793237,DEBIT,5000
"Aug 03, 2026",1:35 PM,Paid to Srilekha,T2608031335539127259260,DEBIT,5000
"Aug 03, 2026",11:18 AM,Paid to MAHENDRA JUICE ,T2608031118019526850579,DEBIT,30
"Aug 02, 2026",5:54 PM,Paid to SANAPALA SURYANARAYANA,T2608021753500865860394,DEBIT,120
"Aug 02, 2026",5:53 PM,Received from Srilekha,T2608021753509943968112,CREDIT,60
"Aug 02, 2026",5:45 PM,Paid to M Aswani Kumar,T2608021745459341507311,DEBIT,25
"Aug 02, 2026",5:41 PM,Paid to PRAKASHAM PARK,T2608021741496778560030,DEBIT,40
"Aug 02, 2026",5:21 PM,Paid to THE COCOA CRAFT,T2608021720598962786583,DEBIT,99
"Aug 02, 2026",5:13 PM,Received from Sweet Home,T2608021713273617146281,CREDIT,1000
"Aug 02, 2026",4:55 PM,Paid to K CHARAN TEJA,T2608021655033624221728,DEBIT,60
"Aug 02, 2026",4:02 PM,Paid to SIVAPRASAD  V,T2608021602163494330374,DEBIT,40
"Aug 02, 2026",11:56 AM,Paid to MEESHO TECHNOLOGIES PRIVATE LIMITED,T2608021156335569845261,DEBIT,178
"Aug 01, 2026",8:50 PM,Paid to K silpa,T2608012050162565301651,DEBIT,79
"Aug 01, 2026",3:08 PM,Paid to Chill zone ice cream ,T2608011508002714221329,DEBIT,65
"Jul 31, 2026",9:52 AM,Paid to SWIGGY,T2607310952448481102285,DEBIT,149
"Jul 30, 2026",9:48 PM,Received from Mr Mulakalacheruvu Prathap Kumar,T2607302148211470000160,CREDIT,10000
"Jul 30, 2026",7:50 PM,Paid to Srilekha,T2607301950469567007390,DEBIT,50
"Jul 30, 2026",7:40 PM,Paid to AASHEESH KUSHWAHA,T2607301940260071476220,DEBIT,40
"Jul 30, 2026",3:28 PM,Paid to P RAVI,T2607301528191286044097,DEBIT,20
"Jul 30, 2026",2:57 PM,Paid to Sri sai stores 22,T2607301457521120463249,DEBIT,50
"Jul 29, 2026",6:30 PM,Paid to PASYAM  NARASIMHULU,T2607291830458884566391,DEBIT,100
"Jul 29, 2026",3:29 PM,Paid to S  Shabbeer,T2607291529367780318399,DEBIT,40
"Jul 28, 2026",5:20 PM,Paid to SWIGGY,T2607281720053620627105,DEBIT,174
"Jul 28, 2026",4:36 PM,Paid to B  Rajeswari,T2607281636006516388985,DEBIT,20
"Jul 27, 2026",10:17 PM,Paid to SUGUNA TIFFEN CENTER,T2607272216587452480439,DEBIT,60
"Jul 27, 2026",4:45 PM,Paid to VEERA AUTO SERVICE,T2607271645143258563120,DEBIT,40
"Jul 26, 2026",3:21 PM,Paid to Trends Tirupati TX3U,T2607261521260607312295,DEBIT,311
"Jul 26, 2026",2:19 PM,Paid to Explorex,T2607261418542979172844,DEBIT,1244
"Jul 25, 2026",1:57 PM,Paid to Y  Manohar,T2607251357276672804448,DEBIT,20
"Jul 25, 2026",1:31 PM,Paid to MAHENDRA JUICE ,T2607251330504649278565,DEBIT,40
"Jul 25, 2026",8:59 AM,Received from Priyanka,T2607250859062120650365,CREDIT,10
"Jul 25, 2026",8:48 AM,Received from ******8590,T2607250848523222274837,CREDIT,20
"Jul 24, 2026",7:58 PM,Received from Srilekha,T2607241958037680464486,CREDIT,710
"Jul 24, 2026",7:45 PM,Paid to S JAHERA BEE,T2607241945011245160102,DEBIT,40
"Jul 24, 2026",7:19 PM,Paid to AVENUE SUPERMARTS LIMITED,T2607241919539322274474,DEBIT,1356
"Jul 24, 2026",11:28 AM,Paid to SWIGGY INSTAMART,T2607241128496402294330,DEBIT,133
"Jul 23, 2026",5:06 PM,Paid to OUDARYA LAKSHMI STOREs ,T2607231706033519950355,DEBIT,30
"Jul 23, 2026",4:59 PM,Paid to MADARBEE DUDEKULA,T2607231658569358534728,DEBIT,70
"Jul 23, 2026",4:56 PM,Paid to Jayamma Fruits ,T2607231656441847250275,DEBIT,30
"Jul 22, 2026",4:43 PM,Received from Mr Mulakalacheruvu Prathap Kumar,T2607221643248929471067,CREDIT,1000
"Jul 22, 2026",3:26 PM,Paid to C Revathi,T2607221526202377083443,DEBIT,60
"Jul 22, 2026",1:41 PM,Paid to MAHENDRA JUICE ,T2607221341547830350608,DEBIT,40
"Jul 22, 2026",6:52 AM,Paid to Bharathi Vakkalaku,T2607220652203458093809,DEBIT,38
"Jul 21, 2026",6:07 PM,Paid to SWIGGY,T2607211807009137187723,DEBIT,174
"Jul 21, 2026",5:38 PM,Paid to SWIGGY,T2607211738469526064048,DEBIT,174
"Jul 21, 2026",5:09 PM,Paid to SWIGGY INSTAMART,T2607211707242054606649,DEBIT,106
"Jul 21, 2026",1:52 PM,Paid to MAHENDRA JUICE ,T2607211352119094891560,DEBIT,40
"Jul 20, 2026",10:33 PM,Paid to NEELA SANTHOSH KUMAR,T2607202232562486064923,DEBIT,129
"Jul 20, 2026",4:58 PM,Paid to SHAIK NOORJAHAN,T2607201657584945359296,DEBIT,50
"Jul 20, 2026",4:55 PM,Paid to Balaji bakery ,T2607201655222111126428,DEBIT,40
"Jul 20, 2026",4:52 PM,Paid to AASHEESH KUSHWAHA,T2607201652194739625269,DEBIT,20
"Jul 20, 2026",1:19 PM,Mobile recharged 9398971980,NB26072013190874238563662,DEBIT,353
"Jul 19, 2026",9:20 PM,Paid to D ESWARA REDDY,T2607192120512553119807,DEBIT,100
"Jul 19, 2026",11:17 AM,Paid to Blinkit,T2607191117355076036948,DEBIT,145
"Jul 18, 2026",2:30 PM,Paid to Lucky juice cornor and cafe,T2607181430382364266585,DEBIT,10
"Jul 18, 2026",2:28 PM,Received from ******2591,T2607181428168022018208,CREDIT,40
"Jul 18, 2026",2:27 PM,Paid to Raghu electricals ,T2607181427268667234623,DEBIT,50
"Jul 18, 2026",1:08 PM,Paid to B Rameshwar Lal jat,T2607181308066905086970,DEBIT,220
"Jul 17, 2026",9:18 PM,Paid to Hitachi Payment Services Pvt Ltd,T2607172118089056853517,DEBIT,10
"Jul 17, 2026",9:14 PM,Paid to MADARBEE DUDEKULA,T2607172114334391923557,DEBIT,140
"Jul 17, 2026",5:28 PM,Refund from MEESHO TECHNOLOGIES PRIVATE LIMITED,T2607171728115531028982,CREDIT,119
"Jul 17, 2026",1:24 PM,Paid to SVC STALL,T2607171323533927546369,DEBIT,10
"Jul 17, 2026",1:20 PM,Paid to B V V FOODS-EDC,T2607171320173181796184,DEBIT,80
"Jul 17, 2026",11:03 AM,Paid to MAHENDRA JUICE ,T2607171103542633997588,DEBIT,30
"Jul 16, 2026",1:57 PM,Paid to TABAREZ SO ATHAULLAH,T2607161357319821263067,DEBIT,130
"Jul 15, 2026",9:35 PM,Paid to Pg,T2607152135188805725949,DEBIT,4200
"Jul 15, 2026",6:14 PM,Paid to TANUKU  NAGA MUNEIAH,T2607151814253384306488,DEBIT,20
"Jul 15, 2026",2:41 PM,Received from Mr Mulakalacheruvu Prathap Kumar,T2607151441172093539329,CREDIT,5000
"Jul 15, 2026",2:05 PM,Paid to Lucky juice cornor and cafe,T2607151405217470806082,DEBIT,10
"Jul 14, 2026",2:53 PM,Paid to Swiggy,T2607141453381513648158,DEBIT,174
"Jul 13, 2026",5:28 PM,Paid to KAMLESH KUMAR JAT,T2607131728075395247694,DEBIT,60
"Jul 13, 2026",5:24 PM,Paid to Srilekha,T2607131724328803601738,DEBIT,85
"Jul 13, 2026",1:51 PM,Paid to Sri sai stores 22,T2607131351124382659127,DEBIT,10
"Jul 12, 2026",8:23 PM,Paid to D ESWARA REDDY,T2607122023075957683302,DEBIT,60
"Jul 11, 2026",8:33 PM,Received from Srilekha,T2607112033306132067466,CREDIT,190
"Jul 11, 2026",8:29 PM,Paid to PS4 Tirupati,T2607112029348753672183,DEBIT,325
"Jul 11, 2026",8:23 PM,Paid to VAKKALAKULA VISWANATH,T2607112023252029025764,DEBIT,40
"Jul 11, 2026",8:10 PM,Paid to SK HOTEL NEW,T2607112010040701628562,DEBIT,18
"Jul 10, 2026",2:13 PM,Paid to M GEETHA,T2607101413194298714910,DEBIT,30
"Jul 09, 2026",4:20 PM,Paid to MEESHO TECHNOLOGIES PRIVATE LIMITED,T2607091620087287184612,DEBIT,119
"Jul 09, 2026",4:18 PM,Paid to MEESHO TECHNOLOGIES PRIVATE LIMITED,T2607091618108843284431,DEBIT,119
"Jul 09, 2026",3:21 PM,Paid to KAMLESH KUMAR JAT,T2607091521302909216048,DEBIT,85
"Jul 09, 2026",3:16 PM,Paid to K. Adi lakshmi fruit juice,T2607091516195123817970,DEBIT,170
"Jul 09, 2026",2:34 PM,Paid to Challa Sai Bhavani,T2607091434337653941239,DEBIT,10
"Jul 09, 2026",2:31 PM,Paid to DMART AVENUE SUPERMARTS LTD,T2607091430574961616651,DEBIT,17
"Jul 09, 2026",2:28 PM,Paid to DMART AVENUE SUPERMARTS LTD,T2607091428554604876432,DEBIT,1033.5
"Jul 09, 2026",2:25 PM,Received from Sweet Home,T2607091425149423941368,CREDIT,2000
"Jul 09, 2026",6:08 AM,Received from Chinna,T2607090607544831261067,CREDIT,2000
"Jul 08, 2026",9:55 PM,Received from Sweet Home,T2607082155051854749046,CREDIT,2000
"Jul 08, 2026",6:07 PM,Paid to Bharathi Vakkalaku,T2607081807340926733854,DEBIT,15
"Jul 08, 2026",6:01 PM,Paid to Bharathi Vakkalaku,T2607081801403132458111,DEBIT,20
"Jul 08, 2026",12:25 PM,Mobile recharged 9618314970,NX26070812254685701718081,DEBIT,22
"Jul 08, 2026",12:06 PM,Paid to Swiggy Ltd,T2607081206147958533119,DEBIT,138
"Jul 05, 2026",7:41 PM,Paid to N KANNAIAH,T2607051941275976966550,DEBIT,50
"Jul 05, 2026",7:39 PM,Paid to ADILAXMI FRUIT JUICE,T2607051939134884888686,DEBIT,40
"Jul 05, 2026",7:36 PM,Paid to PIDUTHALA LAKSHMIDEVI,T2607051936176572631501,DEBIT,50
"Jul 05, 2026",7:34 PM,Paid to THIRUMALASETTY SRAVAN KUMAR,T2607051934034664676102,DEBIT,60
"Jul 04, 2026",10:37 PM,Paid to Ms GOWTHAMI  MULAKALACHERUVU,T2607042237049345119248,DEBIT,1000
"Jul 03, 2026",7:12 PM,Paid to Swiggy Ltd,T2607031912064417229533,DEBIT,174
"Jul 02, 2026",7:47 PM,Paid to THULASI TIFFIN CENTRE,T2607021946564983912125,DEBIT,30
"Jul 02, 2026",7:38 PM,Paid to SK HOTEL NEW,T2607021938012447346956,DEBIT,18
"Jul 01, 2026",7:57 PM,Received from Srilekha,T2607011957102496144547,CREDIT,184
"Jul 01, 2026",7:42 PM,Paid to SWIGGY INSTAMART PRIVATE LIMITED,T2607011942517418181776,DEBIT,184
"Jul 01, 2026",6:53 PM,Paid to SWIGGY,T2607011853236264050724,DEBIT,70
"Jul 01, 2026",9:26 AM,Paid to M S SRI SAI MEDICAL STORE,T2607010926032915876357,DEBIT,273
"Jun 30, 2026",1:00 PM,Paid to SWIGGY INSTAMART PRIVATE LIMITED,T2606301300005402824548,DEBIT,232
"Jun 29, 2026",9:58 PM,Paid to Chill zone ice cream ,T2606292158520083635405,DEBIT,20
"Jun 29, 2026",9:57 PM,Paid to VAKKALAKULA VISWANATH,T2606292157204347519418,DEBIT,50
"Jun 29, 2026",7:00 PM,Received from Mr Mulakalacheruvu Prathap Kumar,T2606291900463314889430,CREDIT,1500
"Jun 27, 2026",9:43 PM,Paid to Manasa Akka😊,T2606272142583912507193,DEBIT,1500
"Jun 27, 2026",9:23 PM,Paid to Thos,T2606272123385946187328,DEBIT,160
"Jun 27, 2026",9:10 PM,Paid to Sandeep mobiles,T2606272110183972506262,DEBIT,600
"Jun 27, 2026",8:20 PM,Paid to Sri Karupaswamy stationary,T2606272020466263717932,DEBIT,122
"Jun 27, 2026",8:13 PM,Paid to SRI guru juise point,T2606272012596373163986,DEBIT,30
"Jun 27, 2026",8:12 PM,Paid to SRI guru juise point,T2606272012028902506757,DEBIT,30
"Jun 27, 2026",1:20 PM,Paid to SWIGGY INSTAMART PRIVATE LIMITED,T2606271320485077909215,DEBIT,105
"Jun 25, 2026",11:24 PM,Paid to SWIGGY,T2606252323208547060673,DEBIT,122
"Jun 25, 2026",6:57 PM,Paid to Bharathi Vakkalaku,T2606251857069557485193,DEBIT,20
"Jun 25, 2026",6:41 PM,Paid to Ms LAASYAVI FOOD POINT,T2606251841506103837237,DEBIT,60
"Jun 25, 2026",6:39 PM,Paid to S HASEENA,T2606251839463422506344,DEBIT,40
"Jun 24, 2026",9:03 PM,Paid to Narayana Cool Drinks Shop,T2606242103479468964937,DEBIT,100
"Jun 24, 2026",12:21 PM,Mobile recharged 9618314970,NX26062412210128866992731,DEBIT,222
"Jun 24, 2026",12:11 PM,Paid to Blinkit,T2606241211460125039657,DEBIT,102
"Jun 23, 2026",1:50 PM,Paid to SWIGGY INSTAMART PRIVATE LIMITED,T2606231350145831747300,DEBIT,295
"Jun 22, 2026",8:56 PM,Received from Atha😍,T2606222056210957558120,CREDIT,1000
"Jun 21, 2026",9:35 PM,Paid to VENKATARAM REDDY FRUITS,T2606212135391655721244,DEBIT,50
"Jun 21, 2026",9:31 PM,Paid to MANGAL SINGH,T2606212131523919488958,DEBIT,60
"Jun 21, 2026",7:30 PM,Paid to D Kaveri,T2606211930408868915663,DEBIT,40
"Jun 21, 2026",1:47 PM,Paid to Swiggy Ltd,T2606211347219077952708,DEBIT,148
"Jun 20, 2026",6:55 PM,Paid to SWIGGY,T2606201854581761161290,DEBIT,173
"Jun 20, 2026",6:50 PM,Received from Srilekha,T2606201850210863916915,CREDIT,159
"Jun 20, 2026",6:49 PM,Paid to SWIGGY,T2606201849311797952942,DEBIT,159
"Jun 20, 2026",4:02 PM,Received from Amma😍,T2606201602465477272790,CREDIT,3000
"Jun 20, 2026",1:06 PM,Paid to TANUKU  NAGA MUNEIAH,T2606201306060407066569,DEBIT,20
"Jun 20, 2026",8:38 AM,Mobile recharged 9398971980,NX26062008383147517826441,DEBIT,353
"Jun 18, 2026",10:24 PM,Paid to GOENKA KACHAVE LLP,T2606182223586188615723,DEBIT,11.13
"Jun 18, 2026",9:00 AM,Paid to Pg,T2606180900371554310118,DEBIT,4200
"Jun 18, 2026",8:17 AM,Received from Sweet Home,T2606180817265151581172,CREDIT,5000
"Jun 17, 2026",6:48 PM,Paid to G SUBRAMANYAM,T2606171848224399417574,DEBIT,40
"Jun 17, 2026",6:45 PM,Paid to AUDHARYA LAKSHMI STORES 2,T2606171845517217364626,DEBIT,50
"Jun 17, 2026",6:39 PM,Paid to MOOSA  VENKATESULU,T2606171839205437569340,DEBIT,40
"Jun 17, 2026",6:31 PM,Paid to SRI BALAJI CHAT BHANDAR,T2606171831572032720336,DEBIT,10
"Jun 17, 2026",6:31 PM,Paid to SRI BALAJI CHAT BHANDAR,T2606171831373254521391,DEBIT,20
"Jun 17, 2026",6:10 PM,Paid to ARAKU COFFEE CAFE,T2606171810339725519202,DEBIT,10
"Jun 17, 2026",5:20 PM,Paid to Vegetables and Grocery Shop,T2606171720242870884526,DEBIT,25
"Jun 16, 2026",7:32 PM,Received from Atha😍,T2606161932255413230895,CREDIT,200
"Jun 15, 2026",1:59 PM,Paid to SRAVANI FILLING STATION,T2606151359146349086608,DEBIT,200
"Jun 15, 2026",1:33 PM,Paid to SUBRAMANYAM  KALLA,T2606151333399954130804,DEBIT,300
"Jun 15, 2026",12:56 PM,Paid to A Rajeswari,T2606151255587766570845,DEBIT,20
"Jun 13, 2026",8:45 PM,Paid to TIRUMALA BEKARY ,T2606132045409919860528,DEBIT,214
"Jun 12, 2026",3:10 PM,Paid to R JOSEPH,T2606121510283149955091,DEBIT,90
"Jun 11, 2026",11:23 PM,Paid to Ms GOWTHAMI  MULAKALACHERUVU,T2606112323018698245264,DEBIT,1000
"Jun 11, 2026",10:51 PM,Paid to MEESHO TECHNOLOGIES PRIVATE LIMITED,T2606112251073382250736,DEBIT,176
"Jun 11, 2026",5:51 AM,Paid to B HARIPRASAD NAIK,T2606110551418500591008,DEBIT,40
"Jun 10, 2026",9:48 PM,Received from Sweet Home,T2606102148441100191957,CREDIT,1000
"Jun 06, 2026",3:56 PM,Paid to shaik shafida,T2606061556394195654930,DEBIT,58
"Jun 06, 2026",1:50 PM,Paid to HAJJABAYIGARI  MD HAYAZ,T2606061350413638956712,DEBIT,283
"Jun 05, 2026",3:30 PM,Paid to Mrs Shaik Rahajan,T2606051530497334792597,DEBIT,50
"Jun 05, 2026",1:34 PM,Paid to Thulasi Frnd,T2606051334223537624605,DEBIT,20
"Jun 05, 2026",1:02 PM,Paid to Thulasi Frnd,T2606051302485845171226,DEBIT,153
"Jun 04, 2026",4:56 PM,Mobile recharged 9701731609,NX26060416564059311478401,DEBIT,353
"Jun 03, 2026",7:08 PM,Paid to Chakri🙂 Son,T2606031908511139929878,DEBIT,1
"Jun 03, 2026",6:11 PM,Paid to RAIS ,T2606031811063452052337,DEBIT,120
"Jun 01, 2026",9:02 PM,Paid to VIDYA SAGAR MALLEM,T2606012102052045940994,DEBIT,80
"Jun 01, 2026",8:59 PM,Paid to VIDYA SAGAR MALLEM,T2606012059372388178947,DEBIT,40
"Jun 01, 2026",8:51 PM,Paid to INDRAPAL KUSHWAHA,T2606012051451071882513,DEBIT,60
"Jun 01, 2026",8:41 PM,Paid to M IMRAN BAIG,T2606012041091017412467,DEBIT,186
"May 31, 2026",4:37 PM,Paid to APOLLO PHARMACY,T2605311637325085228774,DEBIT,211
"May 30, 2026",5:32 PM,Paid to N Divakar,T2605301732309856061974,DEBIT,135
"May 30, 2026",4:47 PM,Paid to Manasa Akka😊,T2605301647401719399941,DEBIT,700
"May 30, 2026",4:39 PM,Received from Sweet Home,T2605301638586233666877,CREDIT,1000
"May 26, 2026",3:20 PM,Paid to DHANVIK TASTE FOODS,T2605261520241730494362,DEBIT,20
"May 26, 2026",3:17 PM,Paid to S HASEENA,T2605261517357171654258,DEBIT,40
"May 26, 2026",2:42 PM,Paid to Zudio,T2605261442426994253726,DEBIT,1408
"May 26, 2026",12:38 PM,Received from Mr Mulakalacheruvu Prathap Kumar,T2605261238128395307631,CREDIT,2500
"May 24, 2026",10:32 AM,Paid to Hema latha store,T2605241031595237572201,DEBIT,5
"May 24, 2026",10:31 AM,Paid to Hema latha store,T2605241031181450836833,DEBIT,25
"May 22, 2026",11:28 AM,Paid to Swiggy Ltd,T2605221127470360289882,DEBIT,162
"May 21, 2026",6:29 PM,Paid to Mr Ashok Pandith,T2605211829366549893028,DEBIT,50
"May 21, 2026",6:28 PM,Paid to AASHEESH KUSHWAHA,T2605211828472591338032,DEBIT,20
"May 21, 2026",3:00 PM,Paid to Meesho,T2605211500098356276312,DEBIT,189
"May 21, 2026",9:00 AM,Paid to Pg,T2605210900535554434902,DEBIT,4200
"May 21, 2026",4:31 AM,Received from Mr Mulakalacheruvu Prathap Kumar,T2605210431504414909696,CREDIT,5000
"May 20, 2026",5:27 PM,Paid to Sri Ganesh  tea stall ,T2605201727407046896931,DEBIT,40
"May 20, 2026",5:12 PM,Paid to BEAUTY PALACE,T2605201712459770479571,DEBIT,270
"May 20, 2026",4:42 PM,Paid to MR DIY,T2605201642122583968265,DEBIT,126
"May 20, 2026",4:18 PM,Paid to Zudio,T2605201618113918618167,DEBIT,1498
"May 20, 2026",2:44 PM,Paid to ARABEIQ RESTAURANT,T2605201444539133596599,DEBIT,430
"May 20, 2026",1:16 PM,Mobile recharged 9398971980,NX26052013161096936034331,DEBIT,353
"May 19, 2026",1:39 PM,Paid to S HASEENA,T2605191339060451874552,DEBIT,40
"May 19, 2026",1:35 PM,Paid to CRAVINGS KITCHEN HYDERABADI BIRYANI,T2605191335313893086313,DEBIT,160
"May 19, 2026",12:56 PM,Paid to MAHENDRA JUICE ,T2605191256260314512992,DEBIT,30
"May 18, 2026",10:16 AM,Received from Ms GOWTHAMI  MULAKALACHERUVU,T2605181016218538506227,CREDIT,4000
"May 17, 2026",4:03 PM,Received from Mr Mulakalacheruvu Prathap Kumar,T2605171603013376416660,CREDIT,500
"May 16, 2026",1:05 PM,Paid to MAHENDRA JUICE ,T2605161305343615389821,DEBIT,30
"May 14, 2026",8:37 PM,Paid to D ESWARA REDDY,T2605142037538935416860,DEBIT,60
"May 14, 2026",1:41 PM,Paid to K LAKSHMI,T2605141341351942204124,DEBIT,20
"May 14, 2026",1:08 PM,Paid to MAHENDRA JUICE ,T2605141308377568469360,DEBIT,30
"May 13, 2026",9:08 PM,Paid to Gowthu Akka😍,T2605132108271105812153,DEBIT,500
"May 12, 2026",5:21 PM,Paid to Gowthu Akka😍,T2605121721234566347168,DEBIT,500
"May 12, 2026",4:22 PM,Paid to MANOJ YADHAV,T2605121622082655908569,DEBIT,40
"May 12, 2026",1:04 PM,Paid to MAHENDRA JUICE ,T2605121304266957551319,DEBIT,30
"May 11, 2026",8:46 AM,Paid to SUNDU SOMACHANDRA,T2605110846104499703920,DEBIT,50
"May 10, 2026",6:00 PM,Received from Sweet Home,T2605101800202464937986,CREDIT,500
"May 09, 2026",7:57 PM,Received from Mr Mulakalacheruvu Prathap Kumar,T2605091957070437311393,CREDIT,700
"May 09, 2026",7:49 PM,Paid to KORAMANNA GARI HARISH KUMAR,T2605091949194168961198,DEBIT,30
"May 09, 2026",2:23 PM,Paid to S  SUNEERA,T2605091423414124240544,DEBIT,5
"May 08, 2026",8:04 PM,Paid to S HASEENA,T2605082003571850753104,DEBIT,30
"May 08, 2026",1:40 PM,Paid to G  RAJA,T2605081340099324489429,DEBIT,20
"May 08, 2026",1:04 PM,Paid to MAHENDRA JUICE ,T2605081304051035047723,DEBIT,30
"May 08, 2026",9:33 AM,Paid to Sri sai stores 22,T2605080933233543447666,DEBIT,25
"May 06, 2026",1:46 PM,Paid to Mr MINHAJUDDIN KHAN  MOHAMMAD,T2605061346507359507064,DEBIT,160
"May 06, 2026",1:44 PM,Paid to S HASEENA,T2605061344515407805675,DEBIT,40
"May 05, 2026",6:56 PM,Paid to Srilekha,T2605051856347440782053,DEBIT,50
"May 05, 2026",6:49 PM,Paid to S HASEENA,T2605051849052130171557,DEBIT,10
"May 05, 2026",6:44 PM,Paid to PIDUTHALA LAKSHMIDEVI,T2605051844063017504881,DEBIT,30
"May 04, 2026",9:35 AM,Paid to Sri sai stores 22,T2605040935479942836847,DEBIT,13
"May 02, 2026",9:49 PM,Mobile recharged 9701731609,NX26050221491404917991551,DEBIT,19
"May 02, 2026",8:24 PM,Received from Mr Mulakalacheruvu Prathap Kumar,T2605022024125894120817,CREDIT,500
"May 02, 2026",7:03 PM,Paid to Narasimha Provisions,T2605021903064302213607,DEBIT,60
"May 01, 2026",7:00 PM,Paid to Narasimha Provisions,T2605011900383364580719,DEBIT,70
"Apr 30, 2026",5:19 PM,Paid to TIRUPATI  KRISHNAIAH,T2604301718569359278124,DEBIT,5
"Apr 30, 2026",5:11 PM,Paid to C Revathi,T2604301711441685652826,DEBIT,110
"Apr 30, 2026",5:06 PM,Paid to HARATHI FANCY STORE,T2604301706357818831893,DEBIT,55
"Apr 29, 2026",4:18 PM,Received from Srilekha,T2604291618381909208956,CREDIT,30
"Apr 29, 2026",4:18 PM,Paid to C Giri,T2604291618272130095264,DEBIT,60
"Apr 29, 2026",4:12 PM,Paid to K DEVENDRA,T2604291612469947441885,DEBIT,40
"Apr 29, 2026",4:10 PM,Paid to SHAIK NOORJAHAN,T2604291610181828213852,DEBIT,20
"Apr 29, 2026",11:39 AM,Paid to MAHENDRA JUICE ,T2604291139290934272778,DEBIT,40
"Apr 28, 2026",10:14 PM,Received from Mr Mulakalacheruvu Prathap Kumar,T2604282214317401824043,CREDIT,500
"Apr 28, 2026",3:40 PM,Paid to M GEETHA,T2604281540428843095776,DEBIT,20
"Apr 28, 2026",3:13 PM,Paid to Marva💫,T2604281513001706482187,DEBIT,100
"Apr 28, 2026",10:54 AM,Paid to MAHENDRA JUICE ,T2604281054184402052665,DEBIT,30
"Apr 27, 2026",11:59 AM,Paid to Srilekha,T2604271159400992120884,DEBIT,70
"Apr 27, 2026",11:06 AM,Paid to MAHENDRA JUICE ,T2604271106289980958656,DEBIT,40
"Apr 26, 2026",2:54 PM,Paid to Srilekha,T2604261454312051554296,DEBIT,25
"Apr 26, 2026",1:34 PM,Paid to Pg,T2604261334419250097922,DEBIT,4200
"Apr 26, 2026",11:06 AM,Received from Mr Mulakalacheruvu Prathap Kumar,T2604261106247088600015,CREDIT,4500
"Apr 25, 2026",1:11 PM,Paid to Mrs M Geetha,T2604251311237888749159,DEBIT,40
"Apr 25, 2026",12:38 PM,Paid to Savarni🤩,T2604251238243734276799,DEBIT,56
"Apr 25, 2026",11:23 AM,Paid to MAHENDRA JUICE ,T2604251123242393237217,DEBIT,40
"Apr 24, 2026",12:04 PM,Paid to Nagamma Fruits Shop ,T2604241204418557648748,DEBIT,40
"Apr 23, 2026",1:48 PM,Paid to Sivam ice cream,T2604231348013304933700,DEBIT,45
"Apr 23, 2026",9:21 AM,Paid to Sri sai stores 22,T2604230921070335870507,DEBIT,15
"Apr 22, 2026",11:47 AM,Paid to Narasimha Provisions,T2604221147495380300215,DEBIT,10
"Apr 21, 2026",5:49 PM,Paid to VAKKALAKULA VISWANATH,T2604211749382558972070,DEBIT,40
"Apr 20, 2026",6:31 PM,Paid to S HASEENA,T2604201831551226330109,DEBIT,50
"Apr 20, 2026",6:30 PM,Paid to MADARBEE DUDEKULA,T2604201830311598074877,DEBIT,40
"Apr 20, 2026",6:26 PM,Paid to K DEVENDRA,T2604201826517193951485,DEBIT,40
"Apr 20, 2026",5:54 PM,Received from Sweet Home,T2604201754346484470213,CREDIT,500
"Apr 20, 2026",5:36 PM,Paid to TANUKU  NAGA MUNEIAH,T2604201736452841735063,DEBIT,20
"Apr 20, 2026",10:50 AM,Paid to Mr. C ANNAPOORNA,T2604201050258783910349,DEBIT,75
"Apr 19, 2026",7:00 PM,Paid to FNP CAKES-1,T2604191900223409529566,DEBIT,160
"Apr 17, 2026",11:33 AM,Paid to Sivam ice cream,T2604171133412344150718,DEBIT,85
"Apr 17, 2026",11:31 AM,Paid to Balaji bakery ,T2604171131530830171514,DEBIT,40
"Apr 17, 2026",10:48 AM,Paid to SVCOLLEGES,T2604171048532240662582,DEBIT,16420
"Apr 17, 2026",10:48 AM,Paid to SVCOLLEGES,T2604171048034188897574,DEBIT,16420
"Apr 17, 2026",10:47 AM,Paid to SVCOLLEGES,T2604171047194738867038,DEBIT,16420
"Apr 17, 2026",8:24 AM,Paid to Sri Ganesh  tea stall ,T2604170823583350612865,DEBIT,10
"Apr 17, 2026",8:22 AM,Paid to E Kavamma,T2604170822482623531483,DEBIT,20
"Apr 17, 2026",6:51 AM,Received from Mr Mulakalacheruvu Prathap Kumar,T2604170651285215225427,CREDIT,2000
"Apr 15, 2026",8:32 PM,Received from Sweet Home,T2604152032086557053065,CREDIT,2000
"Apr 15, 2026",7:06 PM,Received from Mr Mulakalacheruvu Prathap Kumar,T2604151906241079440037,CREDIT,13000
"Apr 15, 2026",4:22 PM,Received from Sweet Home,T2604151622518808147163,CREDIT,15000
"Apr 15, 2026",4:22 PM,Received from Sweet Home,T2604151621586383095582,CREDIT,20000
"Apr 15, 2026",11:06 AM,Mobile recharged 9618314970,NB26041511064721622743352,DEBIT,33
"Apr 14, 2026",9:15 PM,Paid to SRI BALAJI CHAT BHANDAR,T2604142115135320713147,DEBIT,75
"Apr 14, 2026",6:18 PM,Paid to Settipalle  Sailaja,T2604141818565556394145,DEBIT,40
"Apr 14, 2026",5:57 PM,Received from N BABU,T2604141757348264135740,CREDIT,150
"Apr 13, 2026",3:39 PM,Received from N BABU,T2604131539438165142846,CREDIT,150
"Apr 08, 2026",1:47 PM,Paid to Lucky juice cornor and cafe,T2604081347097164468986,DEBIT,10
"Apr 08, 2026",9:11 AM,Paid to Mahendra juice,T2604080911153465263458,DEBIT,30
"Apr 08, 2026",9:08 AM,Paid to Sri sai stores 22,T2604080908288473585949,DEBIT,12
"Apr 08, 2026",8:47 AM,Paid to Ms GOWTHAMI  MULAKALACHERUVU,T2604080847078246504113,DEBIT,1000
"Apr 08, 2026",8:36 AM,Received from Srilekha,T2604080836442169201660,CREDIT,100
"Apr 07, 2026",2:04 PM,Paid to C Revathi,T2604071404169080599216,DEBIT,20
"Apr 07, 2026",11:47 AM,Received from Sweet Home,T2604071146586271268888,CREDIT,500
"Apr 06, 2026",4:56 PM,Paid to PASYAM  NARASIMHULU,T2604061655576873025427,DEBIT,40
"Apr 06, 2026",4:50 PM,Paid to Narayana Cool Drinks Shop,T2604061650272565437567,DEBIT,50
"Apr 05, 2026",10:01 PM,Mobile recharged 9701731609,NB26040522005922387522182,DEBIT,19
"Apr 05, 2026",8:03 PM,Paid to National Institute Of Science Education And Resear,T2604052003545967373128,DEBIT,700
"Apr 05, 2026",2:32 PM,Paid to M Jayamma,T2604051432350233270688,DEBIT,90
"Apr 05, 2026",2:27 PM,Paid to G Sanjay,T2604051427320803324705,DEBIT,40
"Apr 05, 2026",7:38 AM,Received from Mr Mulakalacheruvu Prathap Kumar,T2604050738416949157600,CREDIT,1000
"Apr 04, 2026",6:43 PM,Paid to FNP CAKES-1,T2604041843285530751017,DEBIT,160
"Apr 02, 2026",10:42 PM,Payment to JioHotstar,OMO2604012242273186854364V,DEBIT,149
"Apr 02, 2026",7:58 PM,Paid to C Giri,T2604021958349383216824,DEBIT,30
"Apr 01, 2026",9:06 PM,Paid to Zudio,T2604012106149092460169,DEBIT,199
"Apr 01, 2026",6:29 PM,Paid to V M RAJESH,T2604011829213578649460,DEBIT,55
"Apr 01, 2026",6:22 PM,Paid to Dhoniparthi Prem Sai,T2604011822037377375632,DEBIT,40
"Apr 01, 2026",6:21 PM,Paid to N Divakar,T2604011821144631656694,DEBIT,105
"Mar 31, 2026",10:59 PM,Received from Mr Mulakalacheruvu Prathap Kumar,T2603312259262163122018,CREDIT,1000
"Mar 31, 2026",4:47 PM,Paid to SK Mahaboob Bhasha,T2603311647248942881155,DEBIT,40
"Mar 31, 2026",4:46 PM,Paid to Balaji bakery ,T2603311646303752205108,DEBIT,30
"Mar 30, 2026",4:49 PM,Paid to Narayana Cool Drinks Shop,T2603301649532131584338,DEBIT,50
"Mar 29, 2026",6:07 PM,Paid to SK Mahaboob Bhasha,T2603291807310518192190,DEBIT,40
"Mar 28, 2026",8:34 PM,Paid to Swiggy Ltd,T2603282033561597208369,DEBIT,171
"Mar 27, 2026",6:39 PM,Paid to S  ASHIF BASHA,T2603271839124160471534,DEBIT,500
"Mar 27, 2026",6:38 PM,Received from Marva💫,T2603271838007221541508,CREDIT,500
"Mar 26, 2026",3:09 PM,Paid to C Giri,T2603261508575302518177,DEBIT,40
"Mar 26, 2026",12:43 PM,Paid to Savarni🤩,T2603261243029250112240,DEBIT,60
"Mar 25, 2026",8:12 PM,Paid to Mr Ashok Pandith,T2603252012028678033639,DEBIT,100
"Mar 25, 2026",8:05 PM,Paid to PALLAPU LAVANYA,T2603252005318248778983,DEBIT,80
"Mar 25, 2026",5:29 PM,Paid to Shilparamam Tirupati,T2603251729417950451310,DEBIT,60
"Mar 25, 2026",5:19 PM,Paid to Burus Nageswara Rao,T2603251719007667169449,DEBIT,10
"Mar 24, 2026",8:57 PM,Paid to Manoj Gupta snacks center ,T2603242057359971319642,DEBIT,60
"Mar 24, 2026",8:29 PM,Paid to SEVEN ELEVEN BEAUTY SHOP,T2603242028595815122261,DEBIT,50
"Mar 23, 2026",7:43 PM,Paid to CHENNURU MANJULA DEEPTHI RANI,T2603231943516998574839,DEBIT,89
"Mar 23, 2026",3:16 PM,Paid to Sri Chennai Bakery 1 ,T2603231516423449493760,DEBIT,230
"Mar 23, 2026",3:03 PM,Paid to Nagindlu Rudhra Reddy,T2603231503356458726396,DEBIT,60
"Mar 23, 2026",3:03 PM,Paid to Nagindlu Rudhra Reddy,T2603231503141372331803,DEBIT,50
"Mar 23, 2026",3:00 PM,Paid to RELIANCE TRENDS,T2603231500207445561381,DEBIT,609
"Mar 22, 2026",11:16 AM,Received from Amma😍,T2603221116037525597991,CREDIT,1000
"Mar 21, 2026",10:35 AM,Paid to Flipkart,T2603211035088214479612,DEBIT,847
"Mar 21, 2026",10:34 AM,Received from Mr Mulakalacheruvu Prathap Kumar,T2603211034333732518604,CREDIT,850
"Mar 19, 2026",4:22 PM,Paid to AYYAPPA COLLCETION,T2603191622333579863585,DEBIT,1430
"Mar 18, 2026",1:54 PM,Paid to •Jaswitha,T2603181354070300743461,DEBIT,1300
"Mar 17, 2026",6:08 PM,Paid to Pg,T2603171808110312972610,DEBIT,4600
"Mar 17, 2026",5:01 PM,Paid to Alluru Rohith Kumar,T2603171700069307415529,DEBIT,60
"Mar 17, 2026",4:38 PM,Paid to AVENUE FOOD PLAZA PVT LTD,T2603171638366539153528,DEBIT,20
"Mar 17, 2026",4:38 PM,Paid to AVENUE FOOD PLAZA PVT LTD,T2603171638076139787050,DEBIT,20
"Mar 17, 2026",4:32 PM,Paid to AVENUE SUPERMARTS LIMITED,T2603171632142476483726,DEBIT,915
"Mar 17, 2026",1:52 PM,Received from Srilekha,T2603171352069673861089,CREDIT,1300
"Mar 17, 2026",1:41 PM,Paid to Srilekha,T2603171341234090084284,DEBIT,1300
"Mar 17, 2026",12:55 PM,Paid to Anusha,T2603171255375857681621,DEBIT,200
"Mar 17, 2026",12:37 PM,Paid to SVC STALL,T2603171237118243250138,DEBIT,40
"Mar 16, 2026",9:03 PM,Paid to SWIGGY,T2603162102573328076623,DEBIT,170
"Mar 16, 2026",3:31 PM,Paid to C Giri,T2603161531335851156621,DEBIT,60
"Mar 14, 2026",9:35 PM,Mobile recharged 9398971980,NB26031421352804443738382,DEBIT,353
"Mar 14, 2026",9:17 PM,Paid to SK Mahaboob Bhasha,T2603142117265184946651,DEBIT,40
"Mar 14, 2026",9:16 PM,Paid to Balaji bakery ,T2603142116297946950162,DEBIT,140
"Mar 14, 2026",8:43 PM,Paid to Manoj Gupta snacks center ,T2603142043315222431791,DEBIT,40
"Mar 13, 2026",1:42 PM,Paid to Lucky juice cornor and cafe,T2603131342305476308303,DEBIT,90
"Mar 13, 2026",12:01 PM,Paid to Mahendra juice,T2603131201081645822360,DEBIT,30
"Mar 12, 2026",11:39 AM,Paid to M KUSUMA KUMARI,T2603121139405941236115,DEBIT,10
"Mar 11, 2026",1:15 PM,Paid to Akilesh K L,T2603111315351398040768,DEBIT,100
"Mar 11, 2026",8:57 AM,Paid to E Kavamma,T2603110857126831146140,DEBIT,20
"Mar 11, 2026",8:56 AM,Paid to E Kavamma,T2603110856430893260932,DEBIT,50
"Mar 10, 2026",4:47 PM,Paid to C Giri,T2603101647073107826011,DEBIT,140
"Mar 09, 2026",5:16 PM,Paid to IFTAR BIRYANI,T2603091716029622702019,DEBIT,100
"Mar 09, 2026",12:46 PM,Paid to MAHENDRA YADAV,T2603091246274165282857,DEBIT,30
"Mar 09, 2026",12:41 PM,Paid to SVCOLLEGES,T2603091241057707680523,DEBIT,15144
"Mar 09, 2026",12:39 PM,Paid to SVCOLLEGES,T2603091239503332532402,DEBIT,43560
"Mar 08, 2026",7:43 PM,Paid to SK Mahaboob Bhasha,T2603081943133035568193,DEBIT,40
"Mar 08, 2026",7:04 PM,Paid to The cocoa craft,T2603081904377628562027,DEBIT,198
"Mar 08, 2026",6:39 PM,Mobile recharged 9701731609,NB26030818394311780136732,DEBIT,19
"Mar 08, 2026",6:05 PM,Paid to J VENKATA RAMANA,T2603081805433296280396,DEBIT,40
"Mar 05, 2026",10:32 AM,Paid to Ms GOWTHAMI  MULAKALACHERUVU,T2603051032525032871578,DEBIT,1000
"Mar 05, 2026",9:49 AM,Received from Sweet Home,T2603050949038592277277,CREDIT,2000
"Mar 04, 2026",9:30 PM,Paid to G Sanjay,T2603042130416546782142,DEBIT,40
"Mar 04, 2026",9:26 PM,Paid to NAGALAPURAM  KANNAIAH,T2603042126423984683070,DEBIT,50
"Mar 04, 2026",9:23 PM,Paid to K yavaraj,T2603042123116889195009,DEBIT,100
"Mar 04, 2026",5:57 PM,Paid to D Kaveri,T2603041757058083912000,DEBIT,40
"Mar 04, 2026",9:13 AM,Paid to Udhayasree,T2603040913509607756242,DEBIT,60
"Mar 03, 2026",6:47 PM,Paid to SWIGGY,T2603031846591235383400,DEBIT,135
"Mar 02, 2026",9:04 PM,Paid to Rajni Kumari,T2603022104390653897423,DEBIT,35
"Mar 02, 2026",8:30 PM,Paid to Thos,T2603022030194496022215,DEBIT,90
"Mar 02, 2026",8:08 PM,Paid to Buddigi Sathyanarayana,T2603022008427996559961,DEBIT,10
"Mar 02, 2026",8:07 PM,Paid to M V S BABU VARMA,T2603022007328957665823,DEBIT,30
"Mar 02, 2026",9:10 AM,Paid to Sri sai stores 22,T2603020910006093282924,DEBIT,10
"Mar 01, 2026",10:51 PM,Paid to PS4 Tirupati,T2603012251019184924361,DEBIT,120
"Feb 28, 2026",5:27 PM,Paid to SK Mahaboob Bhasha,T2602281727275895575218,DEBIT,40
"Feb 28, 2026",5:25 PM,Paid to Balaji bakery ,T2602281725169181650689,DEBIT,20
"Feb 28, 2026",5:21 PM,Paid to M Jayamma,T2602281721003339638541,DEBIT,30
"Feb 28, 2026",5:14 PM,Paid to HARATHI FANCY STORE,T2602281714359536870657,DEBIT,20
"Feb 28, 2026",9:11 AM,Paid to Mahendra juice,T2602280911297236741447,DEBIT,30
"Feb 27, 2026",9:30 PM,Paid to Sobana Kmc,T2602272130269221856623,DEBIT,500
"Feb 27, 2026",6:00 PM,Received from Mr Mulakalacheruvu Prathap Kumar,T2602271800458901449620,CREDIT,500
"Feb 27, 2026",5:30 PM,Paid to C Giri,T2602271730349454175132,DEBIT,150
"Feb 27, 2026",5:24 PM,Paid to M KUSUMA KUMARI,T2602271724519208931339,DEBIT,80
"Feb 27, 2026",3:09 PM,Paid to MAHENDRA YADAV,T2602271509488359762334,DEBIT,30
"Feb 26, 2026",5:17 PM,Paid to Mr Ashok Pandith,T2602261717157108544701,DEBIT,50
"Feb 26, 2026",5:05 PM,Paid to Padma textiles ,T2602261705412557112433,DEBIT,350
"Feb 25, 2026",10:32 PM,Received from Amma😍,T2602252232489812803575,CREDIT,500
"Feb 25, 2026",1:51 PM,Paid to Lucky juice cornor and cafe,T2602251350279523723933,DEBIT,120
"Feb 25, 2026",1:47 PM,Paid to SK Mahaboob Bhasha,T2602251346586991597283,DEBIT,40
"Feb 25, 2026",1:44 PM,Paid to G Sanjay,T2602251344188578154013,DEBIT,60
"Feb 25, 2026",1:36 PM,Paid to Sivam ice cream,T2602251336150617760809,DEBIT,85
"Feb 24, 2026",5:20 PM,Paid to Narayana Cool Drinks Shop,T2602241720288593590069,DEBIT,90
"Feb 23, 2026",3:35 PM,Received from Sweet Home,T2602231535292207746496,CREDIT,1000
"Feb 22, 2026",11:13 PM,Paid to SWIGGY,T2602222313280309897281,DEBIT,161
"Feb 22, 2026",11:06 PM,Paid to Swiggy,T2602222306198613697595,DEBIT,160
"Feb 22, 2026",6:01 PM,Paid to Purplle,T2602221801485633487148,DEBIT,370
"Feb 22, 2026",9:55 AM,Paid to ASTROTALK SERVICES PRIVATE LIMITED,T2602220955209697739605,DEBIT,11.81
"Feb 21, 2026",5:43 PM,Paid to Swiggy Ltd,T2602211743553544579520,DEBIT,179
"Feb 21, 2026",4:45 PM,Paid to E Kavamma,T2602211645498545854083,DEBIT,50
"Feb 21, 2026",2:07 PM,Paid to SVC STALL,T2602211407082131895412,DEBIT,60
"Feb 20, 2026",5:04 PM,Paid to PASYAM  NARASIMHULU,T2602201704124228545591,DEBIT,60
"Feb 20, 2026",4:07 PM,Paid to MAHENDRA YADAV,T2602201607070301895812,DEBIT,40
"Feb 19, 2026",5:22 PM,Paid to Mr Ashok Pandith,T2602191722066606073683,DEBIT,50
"Feb 19, 2026",5:21 PM,Paid to BESTER SELECTION,T2602191721229800664481,DEBIT,130
"Feb 19, 2026",5:02 PM,Paid to B  Rajeswari,T2602191702025263099478,DEBIT,40
"Feb 19, 2026",4:19 PM,Paid to MAHENDRA YADAV,T2602191619259762898209,DEBIT,40
"Feb 19, 2026",2:01 PM,Paid to SVC STALL,T2602191401303162412779,DEBIT,20
"Feb 19, 2026",1:37 PM,Paid to C Revathi,T2602191337042965804165,DEBIT,20
"Feb 18, 2026",1:41 PM,Paid to E Kavamma,T2602181341242453463503,DEBIT,80
"Feb 17, 2026",5:22 PM,Paid to SHAIK NOORJAHAN,T2602171722372017558884,DEBIT,40
"Feb 17, 2026",5:19 PM,Paid to Mr Ashok Pandith,T2602171719358528838676,DEBIT,100
"Feb 17, 2026",5:16 PM,Paid to MADARBEE DUDEKULA,T2602171716448155274913,DEBIT,40
"Feb 16, 2026",2:27 PM,Paid to Pg,T2602161427401649054953,DEBIT,4500
"Feb 16, 2026",1:40 PM,Paid to Akilesh K L,T2602161340018364884900,DEBIT,150
"Feb 16, 2026",12:40 PM,Received from Sweet Home,T2602161240524198159183,CREDIT,2500
"Feb 16, 2026",12:39 PM,Received from Mr Mulakalacheruvu Prathap Kumar,T2602161239242805219730,CREDIT,2500
"Feb 15, 2026",11:34 AM,Paid to Harsha fruits,T2602151134508974473431,DEBIT,40
"Feb 15, 2026",11:34 AM,Paid to Harsha fruits,T2602151134044397402303,DEBIT,30
"Feb 14, 2026",6:11 PM,Paid to SWIGGY,T2602141811105914364114,DEBIT,179
"Feb 13, 2026",9:40 PM,Paid to AASHEESH KUSHWAHA,T2602132140377819693549,DEBIT,40
"Feb 13, 2026",9:09 PM,Paid to ADHI LAKSHMI FRUITS,T2602132109141493735652,DEBIT,10
"Feb 13, 2026",6:17 PM,Mobile recharged 9398971980,NB26021318172263204189872,DEBIT,352
"Feb 13, 2026",1:05 PM,Paid to Amaravaathi medical and fancy ,T2602131305202121800682,DEBIT,5
"Feb 13, 2026",1:03 PM,Paid to M S SRI SAI MEDICAL STORE,T2602131303380508730239,DEBIT,10
"Feb 13, 2026",12:57 PM,Paid to M KUSUMA KUMARI,T2602131257366949288732,DEBIT,30
"Feb 13, 2026",11:39 AM,Paid to SURENDRA  RAMISETTY,T2602131139260125953174,DEBIT,175
"Feb 12, 2026",9:37 PM,Mobile recharged 9701731609,NB26021221373604488495052,DEBIT,19
"Feb 12, 2026",6:18 PM,Paid to M  TEJASWINI,T2602121818508512476750,DEBIT,40
"Feb 12, 2026",5:56 PM,Paid to M THULASI,T2602121756352217170708,DEBIT,40
"Feb 12, 2026",12:23 PM,Received from Marva💫,T2602121223475367678469,CREDIT,40
"Feb 12, 2026",12:23 PM,Paid to P  SUNITHA,T2602121222595349197300,DEBIT,160
"Feb 12, 2026",9:12 AM,Paid to Mahendra juice,T2602120912548021757236,DEBIT,30
"Feb 11, 2026",5:43 PM,Paid to SK Mahaboob Bhasha,T2602111743556271408154,DEBIT,40
"Feb 11, 2026",5:38 PM,Paid to Sivam ice cream,T2602111738428252680310,DEBIT,85
"Feb 11, 2026",5:37 PM,Paid to VENKATARAM REDDY FRUITS,T2602111737196785225795,DEBIT,20
"Feb 11, 2026",4:30 PM,Paid to SVCOLLEGES,T2602111630176438295969,DEBIT,42936
"Feb 10, 2026",4:45 PM,Paid to CHANDRAMOHAN ONTIPALLI,T2602101644597994739560,DEBIT,40
"Feb 10, 2026",12:25 PM,Paid to SVC STALL,T2602101224556435487247,DEBIT,25
"Feb 09, 2026",5:16 PM,Paid to V VANI SREE,T2602091716264345496049,DEBIT,40
"Feb 09, 2026",4:36 PM,Paid to Zudio,T2602091636367174777830,DEBIT,578
"Feb 09, 2026",3:43 PM,Paid to RELIANCE TRENDS,T2602091543432323533976,DEBIT,292.5
"Feb 09, 2026",3:40 PM,Paid to RELIANCE TRENDS,T2602091540087977217420,DEBIT,1296
"Feb 09, 2026",12:24 PM,Received from Sweet Home,T2602091224138997994267,CREDIT,2500
"Feb 08, 2026",7:03 PM,Paid to VIVEK  KUMAR,T2602081903424770432338,DEBIT,70
"Feb 08, 2026",1:17 PM,Paid to A ARUN  KUMAR,T2602081317034574695921,DEBIT,20
"Feb 07, 2026",7:29 PM,Paid to M KUSUMA KUMARI,T2602071929158979104827,DEBIT,30
"Feb 07, 2026",7:23 PM,Paid to Aasheesh Kushwaha,T2602071923067340888088,DEBIT,60
"Feb 06, 2026",5:00 PM,Paid to PASYAM  NARASIMHULU,T2602061700016237386120,DEBIT,60
"Feb 06, 2026",8:47 AM,Paid to PASYAM  NARASIMHULU,T2602060847023405202902,DEBIT,10
"Feb 05, 2026",6:21 PM,Received from N BABU,T2602051821595915456607,CREDIT,260
"Feb 05, 2026",5:46 PM,Paid to AVENUE SUPERMARTS LTD,T2602051746339660918682,DEBIT,209
"Feb 05, 2026",1:07 PM,Paid to NAVANEETHA K L,T2602051307111000399221,DEBIT,25
"Feb 05, 2026",8:35 AM,Paid to Narasimha Provisions,T2602050835220680160518,DEBIT,30
"Feb 04, 2026",9:40 PM,Paid to Md Shakib Jiya,T2602042140191336839679,DEBIT,180
"Feb 04, 2026",8:39 AM,Paid to C Giri,T2602040839445223927690,DEBIT,20
"Feb 03, 2026",4:54 PM,Paid to Akilesh K L,T2602031654372718991592,DEBIT,200
"Feb 03, 2026",12:44 PM,Paid to Ms GOWTHAMI  MULAKALACHERUVU,T2602031244474548690448,DEBIT,1000
"Feb 02, 2026",5:05 PM,Paid to Aasheesh Kushwaha,T2602021705571349118614,DEBIT,40
"Feb 02, 2026",4:55 PM,Paid to Sivam ice cream,T2602021654580541899862,DEBIT,85
"Feb 02, 2026",12:47 PM,Paid to SVC STALL,T2602021247127314757193,DEBIT,20
"Feb 01, 2026",3:20 PM,Received from Mr Mulakalacheruvu Prathap Kumar,T2602011520572553667606,CREDIT,1500
"Jan 31, 2026",5:08 PM,Paid to CHANDRAMOHAN ONTIPALLI,T2601311708254225984310,DEBIT,25
"Jan 31, 2026",9:12 AM,Paid to Mahendra juice,T2601310912321115826304,DEBIT,40
"Jan 30, 2026",10:26 PM,Paid to SBIMOPS,T2601302226057077412124,DEBIT,1500
"Jan 30, 2026",6:54 PM,Paid to SRI BALAJI TRADERS COTTON WORLD,T2601301854125497635628,DEBIT,360
"Jan 30, 2026",6:40 PM,Paid to Mr Ashok Pandith,T2601301840566974658669,DEBIT,40
"Jan 30, 2026",6:29 PM,Paid to AASHEESH KUSHWAHA,T2601301829323181768767,DEBIT,40
"Jan 30, 2026",4:58 PM,Paid to Srinivasa Super Fruit mix,T2601301658165337558114,DEBIT,20
"Jan 30, 2026",8:45 AM,Paid to Lucky juice cornor and cafe,T2601300845508300715480,DEBIT,10
"Jan 29, 2026",12:44 PM,Paid to Mahendra juice,T2601291244406460029566,DEBIT,10
"Jan 29, 2026",12:42 PM,Paid to MAHENDRA YADAV,T2601291242481936353758,DEBIT,30
"Jan 27, 2026",5:00 PM,Paid to S HASEENA,T2601271700272407557976,DEBIT,10
"Jan 27, 2026",4:57 PM,Paid to MADARBEE DUDEKULA,T2601271657456266765508,DEBIT,100
"Jan 27, 2026",12:43 PM,Paid to SVC STALL,T2601271243127668916170,DEBIT,25
"Jan 26, 2026",11:47 AM,Paid to Swiggy,T2601261147167111967788,DEBIT,179
"Jan 22, 2026",9:35 PM,Received from Sahithi,T2601222135337021671802,CREDIT,120
"Jan 22, 2026",9:06 PM,Paid to Wafella Mahila University,T2601222106048481176302,DEBIT,140
"Jan 21, 2026",2:27 PM,Paid to VIJAYAKUMAR GUNJI,T2601211427323962127128,DEBIT,35
"Jan 21, 2026",1:54 PM,Paid to Pg,T2601211354237446443504,DEBIT,4200
"Jan 20, 2026",10:52 AM,Paid to Hotel Sastri bhavan,T2601201052513728071868,DEBIT,30
"Jan 19, 2026",4:15 PM,Paid to S GIRI BABU,T2601191615001727081237,DEBIT,20
"Jan 19, 2026",12:42 PM,Paid to SVC STALL,T2601191242236282025356,DEBIT,45
"Jan 18, 2026",7:19 PM,Paid to E SUDHAKAR,T2601181919016698506981,DEBIT,15
"Jan 18, 2026",10:46 AM,Received from Mr Mulakalacheruvu Prathap Kumar,T2601181046354391156840,CREDIT,5000
"Jan 17, 2026",8:06 AM,Cashback from PhonePe,T2601170806199945458941,CREDIT,2
"Jan 17, 2026",8:06 AM,Cashback from PhonePe,T2601170806070748516008,CREDIT,1
"Jan 17, 2026",8:05 AM,Cashback from PhonePe,T2601170805580991710347,CREDIT,1.5
"Jan 17, 2026",8:05 AM,Cashback from PhonePe,T2601170805509379254759,CREDIT,2.5
"Jan 17, 2026",8:05 AM,Cashback from PhonePe,T2601170805432829254922,CREDIT,1.5
"Jan 17, 2026",8:05 AM,Cashback from PhonePe,T2601170805361718326294,CREDIT,1
"Jan 17, 2026",8:05 AM,Cashback from PhonePe,T2601170805293665890983,CREDIT,1
"Jan 15, 2026",5:53 PM,Paid to BABA FAKRUDDIN  SHAI,T2601151753121938407407,DEBIT,100
"Jan 14, 2026",6:08 PM,Received from Mr Mulakalacheruvu Prathap Kumar,T2601141808445635935202,CREDIT,900
"Jan 14, 2026",5:43 PM,Mobile recharged 6305002511,NB26011417435211223200432,DEBIT,904
"Jan 09, 2026",7:49 PM,Paid to Sivam ice cream,T2601091949015511163254,DEBIT,85
"Jan 09, 2026",12:56 PM,Paid to C Revathi,T2601091256475984964459,DEBIT,20
"Jan 08, 2026",8:02 PM,Paid to K KHAIRUN BEE,T2601082002274613196993,DEBIT,1000
"Jan 08, 2026",4:54 PM,Paid to CHANDRAMOHAN ONTIPALLI,T2601081654505803294983,DEBIT,20
"Jan 07, 2026",4:17 PM,Paid to SVC STALL,T2601071617520879374792,DEBIT,40
"Jan 07, 2026",4:11 PM,Paid to SVC STALL,T2601071611018095664397,DEBIT,40
"Jan 06, 2026",10:39 PM,Received from Ms GOWTHAMI  MULAKALACHERUVU,T2601062239077575897121,CREDIT,4000
"Jan 06, 2026",8:02 PM,Paid to Ms GOWTHAMI  MULAKALACHERUVU,T2601062002524393538918,DEBIT,1000
"Jan 06, 2026",7:57 PM,Received from Sweet Home,T2601061957315074920029,CREDIT,500
"Jan 06, 2026",7:48 PM,Received from Mr Mulakalacheruvu Prathap Kumar,T2601061948410499311477,CREDIT,500
"Jan 05, 2026",4:55 PM,Paid to Craving?s HYDERABADI BIRYANI 01,T2601051655324206919141,DEBIT,100
"Jan 05, 2026",4:01 PM,Paid to Sri sai stores 22,T2601051601436844176444,DEBIT,70
"Jan 05, 2026",11:09 AM,Cashback from PhonePe,T2601051109486835813885,CREDIT,1
"Jan 05, 2026",11:09 AM,Cashback from PhonePe,T2601051109294948383914,CREDIT,1
"Jan 05, 2026",11:09 AM,Cashback from PhonePe,T2601051109146692198483,CREDIT,1
"Jan 05, 2026",11:08 AM,Cashback from PhonePe,T2601051108584157867306,CREDIT,1.5
"Jan 05, 2026",11:08 AM,Cashback from PhonePe,T2601051108501601373140,CREDIT,1
"Jan 02, 2026",4:38 PM,Paid to D ESWARA REDDY,T2601021638379011493389,DEBIT,65
"Jan 02, 2026",4:33 PM,Paid to HARATHI FANCY STORE,T2601021633046281435870,DEBIT,55
"Jan 02, 2026",1:11 PM,Paid to Mahendra juice,T2601021311105028810807,DEBIT,20
"Jan 02, 2026",9:55 AM,Received from Shifa,T2601020955317680862152,CREDIT,10
"Jan 02, 2026",9:55 AM,Paid to Shifa,T2601020955048315820191,DEBIT,45
"Jan 01, 2026",10:27 PM,Payment to JioHotstar,OM2512311255582436560182W,DEBIT,149
"Jan 01, 2026",5:15 PM,Paid to Hotel Garudadhri,T2601011715296123847594,DEBIT,250
"Jan 01, 2026",3:02 PM,Mobile recharged 9701731609,NB26010115015965313726492,DEBIT,19
"Jan 01, 2026",2:34 PM,Paid to SS ENTERPRISES ,T2601011434486527818180,DEBIT,30
"Jan 01, 2026",2:31 PM,Paid to SS ENTERPRISES ,T2601011431237537324088,DEBIT,100
"Jan 01, 2026",11:24 AM,Received from Mr Mulakalacheruvu Prathap Kumar,T2601011124386580676805,CREDIT,500
"Dec 31, 2025",1:25 PM,Cashback from PhonePe,T2512311325240292224392,CREDIT,1
"Dec 31, 2025",1:25 PM,Cashback from PhonePe,T2512311325094743242236,CREDIT,1.5
"Dec 31, 2025",1:25 PM,Cashback from PhonePe,T2512311325023254855785,CREDIT,1
"Dec 31, 2025",1:24 PM,Cashback from PhonePe,T2512311324558468336949,CREDIT,1
"Dec 31, 2025",1:24 PM,Cashback from PhonePe,T2512311324495255375405,CREDIT,3
"Dec 31, 2025",1:24 PM,Mobile recharged 9618314970,NB25123113242795950348032,DEBIT,302
"Dec 30, 2025",4:20 PM,Paid to S HASEENA,T2512301620142663446337,DEBIT,25
"Dec 30, 2025",1:06 PM,Paid to MAHENDRA YADAV,T2512301305582946782392,DEBIT,40
"Dec 30, 2025",12:27 PM,Received from Sweet Home,T2512301227397578383801,CREDIT,1000
"Dec 28, 2025",2:15 PM,Received from Sweet Home,T2512281415475553632931,CREDIT,100
"Dec 28, 2025",2:00 PM,Mobile recharged 9701731609,NB25122814005580225715362,DEBIT,19
"Dec 28, 2025",1:59 PM,Received from Sweet Home,T2512281358566691943970,CREDIT,30
"Dec 28, 2025",12:41 PM,Paid to Sweet Home,T2512281241451501380287,DEBIT,30
"Dec 28, 2025",12:40 PM,Received from Srilekha,T2512281240030997921467,CREDIT,30
"Dec 26, 2025",7:13 PM,Mobile recharged 9701731609,NB25122619135028625714392,DEBIT,19
"Dec 23, 2025",9:42 PM,Mobile recharged 9701731609,NB25122321420823229525452,DEBIT,19
"Dec 23, 2025",1:26 PM,Paid to Vyshnavi,T2512231325587375890880,DEBIT,35
"Dec 23, 2025",12:00 PM,Paid to Lasya🌟,T2512231200482665279782,DEBIT,50
"Dec 21, 2025",8:25 PM,Mobile recharged 9701731609,NB25122120245796738500082,DEBIT,19
"Dec 21, 2025",4:51 PM,Cashback from PhonePe,T2512211651014928425618,CREDIT,4
"Dec 21, 2025",4:50 PM,Cashback from PhonePe,T2512211650543329685678,CREDIT,2
"Dec 21, 2025",4:50 PM,Cashback from PhonePe,T2512211650475990389102,CREDIT,3
"Dec 21, 2025",4:50 PM,Cashback from PhonePe,T2512211650405797360641,CREDIT,3
"Dec 21, 2025",4:50 PM,Cashback from PhonePe,T2512211650333005697819,CREDIT,4
"Dec 21, 2025",4:50 PM,Cashback from PhonePe,T2512211650252717312639,CREDIT,3
"Dec 21, 2025",4:50 PM,Cashback from PhonePe,T2512211650182231731535,CREDIT,2.5
"Dec 21, 2025",4:50 PM,Cashback from PhonePe,T2512211650113643367874,CREDIT,4
"Dec 21, 2025",4:50 PM,Cashback from PhonePe,T2512211650043064859860,CREDIT,2.5
"Dec 21, 2025",4:49 PM,Cashback from PhonePe,T2512211649572169685735,CREDIT,2.5
"Dec 21, 2025",4:49 PM,Cashback from PhonePe,T2512211649503841674484,CREDIT,4
"Dec 21, 2025",4:49 PM,Cashback from PhonePe,T2512211649436964201021,CREDIT,1.5
"Dec 21, 2025",4:49 PM,Cashback from PhonePe,T2512211649366058037281,CREDIT,1.5
"Dec 21, 2025",4:49 PM,Cashback from PhonePe,T2512211649298489685581,CREDIT,3
"Dec 21, 2025",4:49 PM,Cashback from PhonePe,T2512211649224511453128,CREDIT,2.5
"Dec 21, 2025",4:49 PM,Cashback from PhonePe,T2512211649152735113825,CREDIT,2
"Dec 21, 2025",4:49 PM,Cashback from PhonePe,T2512211649086241314164,CREDIT,1.5
"Dec 21, 2025",4:49 PM,Cashback from PhonePe,T2512211649016196113831,CREDIT,1.5
"Dec 21, 2025",4:48 PM,Cashback from PhonePe,T2512211648550927537914,CREDIT,2.5
"Dec 21, 2025",4:48 PM,Cashback from PhonePe,T2512211648481016379036,CREDIT,1.5
"Dec 21, 2025",4:48 PM,Cashback from PhonePe,T2512211648403355528711,CREDIT,2
"Dec 21, 2025",4:48 PM,Cashback from PhonePe,T2512211648319509784639,CREDIT,1
"Dec 21, 2025",4:48 PM,Cashback from PhonePe,T2512211648249110537768,CREDIT,4
"Dec 21, 2025",4:48 PM,Cashback from PhonePe,T2512211648176253916231,CREDIT,1
"Dec 21, 2025",4:48 PM,Cashback from PhonePe,T2512211648101835433642,CREDIT,1
"Dec 21, 2025",4:41 PM,Paid to GANGULAPPA  MUSTURU,T2512211641290342034915,DEBIT,150
"Dec 20, 2025",3:39 PM,Paid to ZOMATO,T2512201539286045526384,DEBIT,187.71
"Dec 19, 2025",8:09 PM,Mobile recharged 9701731609,NB25121920095401197874512,DEBIT,19
"Dec 18, 2025",11:52 AM,Received from MEESHO TECHNOLOGIES PRIVATE LIMITED,T2512181152174811085463,CREDIT,475
"Dec 18, 2025",10:15 AM,Mobile recharged 9398971980,NB25121810150590431510952,DEBIT,352
"Dec 18, 2025",10:09 AM,Received from Srilekha,T2512181009465292984506,CREDIT,10
"Dec 18, 2025",10:08 AM,Received from Srilekha,T2512181008375240447743,CREDIT,10
"Dec 17, 2025",2:02 PM,Received from Srilekha,T2512171402066332246581,CREDIT,230
"Dec 14, 2025",9:29 PM,Paid to VIKASH,T2512142129082859000004,DEBIT,120
"Dec 14, 2025",6:26 PM,Received from Srilekha,T2512141826458339348580,CREDIT,100
"Dec 13, 2025",9:06 PM,Mobile recharged 9701731609,NB25121321064614103303562,DEBIT,19
"Dec 12, 2025",1:48 PM,Paid to ZOMATO,T2512121348384465666895,DEBIT,121.53
"Dec 11, 2025",3:59 PM,Mobile recharged 9701731609,NB25121115595078867438682,DEBIT,19
"Dec 09, 2025",7:15 PM,Paid to Koppu Ramanaiah shop,T2512091915385024442505,DEBIT,10
"Dec 09, 2025",1:44 PM,Paid to C Revathi,T2512091344217562245849,DEBIT,110
"Dec 09, 2025",1:01 PM,Paid to MAHENDRA YADAV,T2512091301319428057908,DEBIT,30
"Dec 08, 2025",8:23 PM,Received from Srilekha,T2512082023274129859792,CREDIT,180
"Dec 08, 2025",8:22 PM,Paid to Swiggy Ltd,T2512082022384800393573,DEBIT,381
"Dec 07, 2025",10:34 PM,Paid to Sobana Kmc,T2512072234133859706419,DEBIT,500
"Dec 07, 2025",7:44 PM,Received from Mr Mulakalacheruvu Prathap Kumar,T2512071944423230881517,CREDIT,500
"Dec 06, 2025",8:33 PM,Paid to THOS,T2512062033409376517365,DEBIT,90
"Dec 06, 2025",6:44 PM,Paid to M Rajitha Sudha,T2512061844396683996403,DEBIT,30
"Dec 06, 2025",5:28 PM,Paid to COTHAS COFFEE TIRUPATHI,T2512061728129050762779,DEBIT,75
"Dec 05, 2025",1:55 PM,Paid to Mrs M Geetha,T2512051355380432918139,DEBIT,10
"Dec 05, 2025",1:46 PM,Paid to Balaji Bakery,T2512051346248352480172,DEBIT,20
"Dec 05, 2025",1:04 PM,Paid to MAHENDRA YADAV,T2512051304304305925478,DEBIT,30
"Dec 04, 2025",6:35 PM,Paid to Ms GOWTHAMI  MULAKALACHERUVU,T2512041833211237133823,DEBIT,1000
"Dec 04, 2025",1:15 PM,Paid to Swiggy Ltd,T2512041315366784066523,DEBIT,376
"Dec 04, 2025",11:40 AM,Received from Manasa Akka😊,T2512041140321291035977,CREDIT,2000
"Dec 04, 2025",10:58 AM,Paid to MEESHO TECHNOLOGIES PRIVATE LIMITED,T2512041058421698396682,DEBIT,264
"Dec 03, 2025",6:58 PM,Paid to J Radha,T2512031854361802039290,DEBIT,20
"Dec 02, 2025",4:23 PM,Paid to LUCKY JUICE CORNER & CAFE,T2512021623099696921655,DEBIT,80
"Dec 01, 2025",11:38 PM,Received from Mr Mulakalacheruvu Prathap Kumar,T2512012338271022937235,CREDIT,300
"Dec 01, 2025",9:22 PM,Paid to Sobana Kmc,T2512012122440449697645,DEBIT,500
"Dec 01, 2025",6:10 PM,Paid to Sivam ice cream,T2512011810138437661005,DEBIT,85
"Dec 01, 2025",4:54 PM,Paid to Gnanodhaya Chakri,T2512011654001901821496,DEBIT,250
"Nov 30, 2025",8:31 PM,Paid to MURIYA GUP CHUP,T2511302031168644989867,DEBIT,80
"Nov 30, 2025",8:17 PM,Paid to TopTown Cakes,T2511302017439013412018,DEBIT,100
"Nov 29, 2025",5:14 PM,Paid to MEESHO TECHNOLOGIES PRIVATE LIMITED,T2511291714249325259980,DEBIT,255
"Nov 28, 2025",1:50 PM,Paid to Sivam ice cream,T2511281350393022444082,DEBIT,85
"Nov 28, 2025",1:12 PM,Paid to Sri sai stores 22,T2511281312282672244550,DEBIT,25
"Nov 26, 2025",1:45 PM,Paid to C Revathi,T2511261345546817255946,DEBIT,20
"Nov 26, 2025",1:42 PM,Paid to Craving?s HYDERABADI BIRYANI 01,T2511261342253251870464,DEBIT,200
"Nov 25, 2025",1:50 PM,Paid to Narayana Cool Drinks Shop,T2511251350127660612839,DEBIT,70
"Nov 25, 2025",1:46 PM,Paid to P Jyothi,T2511251346312577113887,DEBIT,40
"Nov 25, 2025",1:07 PM,Paid to MAHENDRA YADAV,T2511251307074994144007,DEBIT,30
"Nov 23, 2025",8:14 PM,Received from Mr Mulakalacheruvu Prathap Kumar,T2511232014268990870875,CREDIT,2000
"Nov 20, 2025",5:14 PM,Paid to SRINU TOYS,T2511201714422917472685,DEBIT,30
"Nov 20, 2025",5:10 PM,Paid to DEVENDRA NAYAK,T2511201710122999463079,DEBIT,20
"Nov 20, 2025",4:19 PM,Cashback from PhonePe,T2511201619080019463185,CREDIT,3
"Nov 20, 2025",4:19 PM,Cashback from PhonePe,T2511201619014053983458,CREDIT,1.5
"Nov 20, 2025",4:18 PM,Cashback from PhonePe,T2511201618549635971974,CREDIT,4
"Nov 20, 2025",4:18 PM,Cashback from PhonePe,T2511201618487824300894,CREDIT,1.5
"Nov 20, 2025",4:18 PM,Cashback from PhonePe,T2511201618423045033690,CREDIT,1.5
"Nov 20, 2025",4:17 PM,Paid to A BALAKRISHNA,T2511201617378044381470,DEBIT,10
"Nov 20, 2025",4:16 PM,Cashback from PhonePe,T2511201616559638952792,CREDIT,3
"Nov 20, 2025",4:16 PM,Cashback from PhonePe,T2511201616497073983007,CREDIT,4
"Nov 20, 2025",4:16 PM,Cashback from PhonePe,T2511201616422024069918,CREDIT,1.5
"Nov 20, 2025",4:16 PM,Cashback from PhonePe,T2511201616345216259970,CREDIT,2
"Nov 20, 2025",4:16 PM,Cashback from PhonePe,T2511201616287673478706,CREDIT,1
"Nov 20, 2025",4:16 PM,Cashback from PhonePe,T2511201616223687594535,CREDIT,4
"Nov 20, 2025",4:16 PM,Cashback from PhonePe,T2511201616167562874644,CREDIT,2
"Nov 20, 2025",4:16 PM,Cashback from PhonePe,T2511201616106972621237,CREDIT,2.5
"Nov 20, 2025",4:15 PM,Paid to KANAKA MAHALAXMI BAGS,T2511201615373647892376,DEBIT,50
"Nov 20, 2025",4:10 PM,Paid to Jaya Raman Fancy,T2511201610367928487269,DEBIT,40
"Nov 20, 2025",2:25 PM,Paid to S CHANDRA SEKHAR RAJU,T2511201425229131731155,DEBIT,40
"Nov 20, 2025",12:48 PM,Paid to Mr Ravi Saravana,T2511201248286778583600,DEBIT,20
"Nov 20, 2025",12:31 PM,Paid to SAMANTHAVADA NARAYANA MALLIKA,T2511201231211719586536,DEBIT,150
"Nov 20, 2025",12:03 PM,Paid to M Sudha,T2511201203006598863803,DEBIT,50
"Nov 20, 2025",11:32 AM,Paid to KUMAR FRUITS,T2511201132012608529822,DEBIT,30
"Nov 20, 2025",11:30 AM,Paid to ANITHA-1,T2511201130398612038213,DEBIT,50
"Nov 19, 2025",10:46 PM,Mobile recharged 9701731609,NB25111922455711122052662,DEBIT,19
"Nov 19, 2025",9:27 PM,Received from Mr Mulakalacheruvu Prathap Kumar,T2511192127486631134515,CREDIT,500
"Nov 19, 2025",3:18 PM,Paid to Vallepu Tirupathaiah,T2511191518033968103380,DEBIT,20
"Nov 18, 2025",3:44 PM,Paid to Sivam ice cream,T2511181544436318090332,DEBIT,5
"Nov 18, 2025",3:42 PM,Paid to Sivam ice cream,T2511181542258626939639,DEBIT,80
"Nov 18, 2025",3:41 PM,Paid to Balaji Bakery,T2511181541445085673166,DEBIT,10
"Nov 18, 2025",3:41 PM,Paid to Balaji Bakery,T2511181541198034670943,DEBIT,30
"Nov 15, 2025",11:54 AM,Paid to Pg,T2511151154196867037332,DEBIT,3200
"Nov 13, 2025",9:23 PM,Paid to Md Shakib Jiya,T2511132123129076236932,DEBIT,220
"Nov 11, 2025",6:54 PM,Mobile recharged 9701731609,NB25111118545279899833082,DEBIT,19
"Nov 11, 2025",11:06 AM,Paid to Sri sai stores 22,T2511111106098918822222,DEBIT,20
"Nov 10, 2025",12:01 PM,Paid to C Giri,T2511101201284832434079,DEBIT,100
"Nov 09, 2025",5:55 PM,Paid to ASIYA BEEVI EP,T2511091755298406423357,DEBIT,200
"Nov 07, 2025",7:55 PM,Paid to Ms GOWTHAMI  MULAKALACHERUVU,T2511071955220482823989,DEBIT,1000
"Nov 07, 2025",3:11 PM,Paid to SRI VENKATESWARA COLLEGE OF ENGINEERING,T2511071511349871031118,DEBIT,2159.3
"Nov 07, 2025",2:36 PM,Received from Sweet Home,T2511071436356492308882,CREDIT,7000
"Nov 07, 2025",2:33 PM,Received from Srilekha,T2511071433109260104093,CREDIT,100
"Nov 05, 2025",10:59 AM,Paid to MAHENDRA YADAV,T2511051059556112418741,DEBIT,30
"Nov 03, 2025",4:20 PM,Paid to Sivam ice cream,T2511031620534802112405,DEBIT,85
"Nov 03, 2025",4:19 PM,Paid to Balaji Bakery,T2511031619076837762768,DEBIT,80
"Nov 03, 2025",9:40 AM,Paid to SVC STALL,T2511030940434900293103,DEBIT,40
"Oct 31, 2025",8:58 PM,Paid to SWIGGY,T2510312058526237411725,DEBIT,184
"Oct 31, 2025",8:26 PM,Mobile recharged 9701731609,NB25103120264432516689622,DEBIT,19
"Oct 31, 2025",5:54 PM,Paid to KPN FARM FRESH,T2510311754088840038831,DEBIT,279.71
"Oct 31, 2025",5:49 PM,Received from Sweet Home,T2510311748570813527243,CREDIT,500
"Oct 31, 2025",3:31 PM,Paid to Sri sai stores 22,T2510311531110389189130,DEBIT,30
"Oct 31, 2025",1:10 PM,Paid to SVC STALL,T2510311310349446285370,DEBIT,45
"Oct 31, 2025",9:16 AM,Paid to MAHENDRA YADAV,T2510310916144177340998,DEBIT,30
"Oct 30, 2025",4:08 PM,Paid to M S SRI SAI MEDICAL STORE,T2510301608283072989505,DEBIT,95
"Oct 30, 2025",3:29 PM,Paid to MAHENDRA YADAV,T2510301529045855811867,DEBIT,40
"Oct 30, 2025",2:48 PM,Received from Marva💫,T2510301448092743516217,CREDIT,120
"Oct 30, 2025",1:16 PM,Paid to PASALA SUNITHA,T2510301316189052697876,DEBIT,240
"Oct 29, 2025",4:05 PM,Paid to M Jyothi,T2510291605092049212709,DEBIT,40
"Oct 29, 2025",3:28 PM,Paid to Mr MUNI KUMAR K,T2510291528515658371853,DEBIT,86
"Oct 28, 2025",3:00 PM,Cashback from PhonePe,T2510281500313176116428,CREDIT,5
"Oct 28, 2025",3:00 PM,Cashback from PhonePe,T2510281500237654698447,CREDIT,3
"Oct 28, 2025",3:00 PM,Cashback from PhonePe,T2510281500156494472571,CREDIT,1
"Oct 28, 2025",3:00 PM,Cashback from PhonePe,T2510281500071365101804,CREDIT,3
"Oct 28, 2025",2:59 PM,Cashback from PhonePe,T2510281459163934231559,CREDIT,1
"Oct 26, 2025",7:20 PM,Paid to VAKKALAKULA VISWANATH,T2510261920195176686345,DEBIT,60
"Oct 26, 2025",6:52 PM,Paid to M S SRI SAI MEDICAL STORE,T2510261852418315769415,DEBIT,15
"Oct 25, 2025",11:22 AM,Paid to Sivam ice cream,T2510251122062059838965,DEBIT,85
"Oct 25, 2025",11:21 AM,Paid to Balaji Bakery,T2510251121239722332975,DEBIT,20
"Oct 25, 2025",11:19 AM,Received from Ya,T2510251119293795371410,CREDIT,50
"Oct 25, 2025",11:17 AM,Paid to Mahmood basha auto service,T2510251117195877203499,DEBIT,100
"Oct 25, 2025",8:01 AM,Paid to R S Jahnavi,T2510250801515947203659,DEBIT,10
"Oct 25, 2025",7:35 AM,Paid to Sri Venkateswara hotel,T2510250735245890859441,DEBIT,100
"Oct 25, 2025",7:26 AM,Paid to GKRUPAVATHI,T2510250726306506361453,DEBIT,30
"Oct 24, 2025",6:04 PM,Paid to The cocoa craft,T2510241804407904760178,DEBIT,109
"Oct 24, 2025",5:51 PM,Paid to D Praveen Kumar,T2510241751393483322131,DEBIT,100
"Oct 24, 2025",5:49 PM,Paid to Manoj Gupta snacks center ,T2510241749376297204328,DEBIT,80
"Oct 23, 2025",7:27 PM,Paid to Raju Jat,T2510231927371063281013,DEBIT,25
"Oct 23, 2025",1:37 PM,Paid to SWIGGY,T2510231337161870456773,DEBIT,233
"Oct 23, 2025",7:52 AM,Mobile recharged 9398971980,NB25102307522407383376052,DEBIT,352
"Oct 22, 2025",9:23 PM,Received from Mr Mulakalacheruvu Prathap Kumar,T2510222123390875126735,CREDIT,1000
"Oct 22, 2025",5:09 PM,Paid to MEESHO TECHNOLOGIES PRIVATE LIMITED,T2510221709136291798975,DEBIT,79
"Oct 22, 2025",8:55 AM,Received from Amma😍,T2510220855194135880560,CREDIT,1000
"Oct 22, 2025",12:28 AM,Mobile recharged 9618314970,NB25102200284022722587692,DEBIT,33
"Oct 21, 2025",6:59 PM,Mobile recharged 9701731609,NB25102118592622014889572,DEBIT,19
"Oct 21, 2025",12:32 AM,Mobile recharged 9618314970,NB25102100325301780113122,DEBIT,33
"Oct 18, 2025",12:17 AM,Mobile recharged 9618314970,NB25101800170429693674872,DEBIT,33
"Oct 17, 2025",6:33 PM,Paid to Koppu Ramanaiah shop,T2510171833106096760478,DEBIT,20
"Oct 17, 2025",5:07 PM,Paid to Meesho,T2510171707288878602889,DEBIT,203
"Oct 17, 2025",3:38 PM,Mobile recharged 9618314970,NB25101715382703701057902,DEBIT,33
"Oct 16, 2025",11:29 PM,Paid to SWIGGY,T2510162329091490859784,DEBIT,175
"Oct 16, 2025",11:27 PM,Paid to SWIGGY,T2510162327135743270297,DEBIT,213
"Oct 16, 2025",9:15 PM,Paid to MALLE  MANI,T2510162115384626976371,DEBIT,60
"Oct 16, 2025",5:18 PM,Paid to Pg,T2510161718025747520985,DEBIT,4200
"Oct 16, 2025",3:26 PM,Paid to Sri sai stores 22,T2510161526428331365369,DEBIT,15
"Oct 16, 2025",1:17 PM,Paid to SVC STALL,T2510161317319461317695,DEBIT,25
"Oct 15, 2025",8:43 PM,Paid to Sobana Kmc,T2510152043532936318663,DEBIT,500
"Oct 15, 2025",8:42 PM,Received from Mr Mulakalacheruvu Prathap Kumar,T2510152042155603292701,CREDIT,500
"Oct 14, 2025",8:29 PM,Received from Chinna,T2510142029244408187192,CREDIT,1000
"Oct 14, 2025",5:27 PM,Received from Sweet Home,T2510141727418180229312,CREDIT,1000
"Oct 14, 2025",5:16 PM,Paid to DMART AVENUE SUPERMARTS LTD,T2510141716177908682542,DEBIT,1379
"Oct 14, 2025",4:23 PM,Paid to T CHANDRAKALA,T2510141623042664538798,DEBIT,40
"Oct 14, 2025",12:30 PM,Received from Marva💫,T2510141230179130585701,CREDIT,20
"Oct 14, 2025",12:29 PM,Paid to SVC STALL,T2510141229498443224660,DEBIT,45
"Oct 13, 2025",10:56 AM,Received from Mr Mulakalacheruvu Prathap Kumar,T2510131056384115127054,CREDIT,4500
"Oct 10, 2025",7:33 PM,Paid to Koppu Ramanaiah shop,T2510101933221376416449,DEBIT,20
"Oct 09, 2025",4:49 PM,Paid to Balaji Bakery,T2510091649206711144030,DEBIT,60
"Oct 09, 2025",4:47 PM,Paid to Sivam ice cream,T2510091647007930370706,DEBIT,85
"Oct 09, 2025",4:42 PM,Paid to B HARI KRISHNA,T2510091642249920135838,DEBIT,40
"Oct 08, 2025",5:48 PM,Paid to GEETHA M,T2510081748090815181944,DEBIT,30
"Oct 08, 2025",5:36 PM,Paid to Alluru Rohith Kumar,T2510081736398121340506,DEBIT,20
"Oct 08, 2025",5:35 PM,Paid to Alluru Rohith Kumar,T2510081735560731729325,DEBIT,40
"Oct 08, 2025",5:23 PM,Paid to AVENUE SUPERMARTS LTD,T2510081723073603817891,DEBIT,265.5
"Oct 07, 2025",5:22 PM,Paid to Akilesh K L,T2510071722027742867427,DEBIT,100
"Oct 07, 2025",5:09 PM,Paid to RAJESH KUMAR,T2510071709395312579321,DEBIT,20
"Oct 05, 2025",9:43 PM,Paid to Venugopal P,T2510052143270659423812,DEBIT,60
"Oct 05, 2025",6:15 PM,Paid to Ms GOWTHAMI  MULAKALACHERUVU,T2510051815188230801116,DEBIT,500
"Oct 01, 2025",1:35 PM,Received from Sweet Home,T2510011335043684653133,CREDIT,500
"Sep 30, 2025",10:55 AM,Paid to MrShaik Shafida,T2509301055324269036619,DEBIT,31
"Sep 29, 2025",1:29 PM,Mobile recharged 9701731609,NB25092913294160458416812,DEBIT,19
"Sep 29, 2025",1:29 PM,Mobile recharged 9618314970,NB25092913291373956387392,DEBIT,33
"Sep 28, 2025",9:38 AM,Paid to Badam Datta Mahesh,T2509280938467767565586,DEBIT,20
"Sep 28, 2025",6:17 AM,Paid to Indian Railways,T2509280617049319227429,DEBIT,70
"Sep 28, 2025",6:16 AM,Paid to Indian Railways,T2509280616226326964586,DEBIT,50
"Sep 27, 2025",11:21 PM,Paid to IIT GUWAHATI GATE,T2509272321292271883191,DEBIT,1000
"Sep 27, 2025",3:10 PM,Paid to SATEESH KUMAR,T2509271509581011094115,DEBIT,40
"Sep 27, 2025",2:24 PM,Mobile recharged 9618314970,NB25092714242537317516492,DEBIT,222
"Sep 27, 2025",11:35 AM,Payment to JioHotstar,OM2509261135313554835486,DEBIT,149
"Sep 26, 2025",9:39 PM,Paid to Mr C Amaravathi,T2509262139467936110905,DEBIT,55
"Sep 26, 2025",9:33 PM,Paid to S Mahendran,T2509262133372591906281,DEBIT,140
"Sep 25, 2025",9:32 PM,Paid to SWIGGY,T2509252131586270921060,DEBIT,138
"Sep 25, 2025",1:15 PM,Paid to SVC STALL,T2509251315525666112812,DEBIT,65
"Sep 24, 2025",4:48 PM,Paid to Vallepu Tirupathaiah,T2509241648262237765299,DEBIT,20
"Sep 24, 2025",4:45 PM,Paid to M KUSUMA KUMARI,T2509241645036544401061,DEBIT,24
"Sep 24, 2025",4:36 PM,Paid to M  VENKATESH,T2509241636424508240960,DEBIT,40
"Sep 23, 2025",9:49 PM,Received from Mr Mulakalacheruvu Prathap Kumar,T2509232149173306853022,CREDIT,1000
"Sep 23, 2025",5:30 PM,Paid to C Giri,T2509231730068186312593,DEBIT,20
"Sep 23, 2025",5:26 PM,Paid to M S SRI SAI MEDICAL STORE,T2509231726525108493033,DEBIT,54
"Sep 23, 2025",12:20 PM,Paid to SVC STALL,T2509231220149549913560,DEBIT,50
"Sep 23, 2025",8:59 AM,Paid to S  BALAJI,T2509230859507839991752,DEBIT,20
"Sep 23, 2025",8:26 AM,Mobile recharged 9398971980,NB25092308265491214517072,DEBIT,352
,,,,,
This is an automatically generated statement. Customer(s) are requested to immediately notify PhonePe in case,,,,,
of any errors in the statement at https://support.phonepe.com/statement and visit https://www.phonepe.com/,,,,,
terms-conditions/ for PhonePe Terms & Conditions and Privacy Policy.,,,,,
,,,,,
Disclaimer : Do not fall prey to fictitious offers of winning prizes, money circulation schemes and cheap funds,,,,
etc. through SMS, emails and calls. The contents of this email and document are confidential and intended for,,,,
the recipient specified in this document. If you received this message by mistake, please inform PhonePe at,,,,
https://support.phonepe.com/statement so that we can ensure the recipient's details are corrected.,,,,,
