date,time,transaction_details,transaction_id,type,amount,category,day
2026-09-22,10:36 PM,Paid to Swiggy Ltd,T2609222236521586960043,paid,174.0,Food,Tuesday
2026-09-22,12:48 PM,Paid to SWIGGY,T2609221248355266451535,paid,171.0,Food,Tuesday
2026-09-21,2:17 PM,Paid to Swiggy Ltd,T2609211417383325897570,paid,253.0,Food,Monday
2026-09-20,5:11 PM,Paid to MEESHO TECHNOLOGIES PRIVATE LIMITED,T2609201711536015823928,paid,149.0,Shopping,Sunday
2026-09-19,2:48 PM,Paid to Ms GOWTHAMI  MULAKALACHERUVU,T2609191448161599337535,paid,1000.0,Others,Saturday
2026-09-19,1:04 PM,Paid to PASYAM  NARASIMHULU,T2609191304124331843955,paid,70.0,Others,Saturday
2026-09-19,12:05 PM,Received from Sweet Home,T2609191205525442863887,received,1000.0,Others,Saturday
2026-09-18,9:33 PM,Paid to SWIGGY,T2609182133413866954087,paid,132.0,Food,Friday
2026-09-18,8:55 AM,Paid to MEESHO TECHNOLOGIES PRIVATE LIMITED,T2609180855369383750458,paid,134.0,Shopping,Friday
2026-09-17,12:05 PM,Paid to Mr K BAVAJAN,T2609171205314097995537,paid,20.0,Others,Thursday
2026-09-16,5:35 PM,Received from Sweet Home,T2609161735360353758481,received,5000.0,Others,Wednesday
2026-09-10,9:20 PM,Paid to 7995454881ptyes,T2609102120397878293809,paid,40.0,Others,Thursday
2026-09-09,6:11 PM,Paid to Bharathi Vakkalaku,T2609091811524582263748,paid,62.0,Others,Wednesday
2026-09-08,6:30 PM,Paid to BLINKIT COMMERCE PRIVATE LIMITED,T2609081830054340966695,paid,223.0,Others,Tuesday
2026-09-08,5:17 PM,Paid to SUBRAMANYAM  KALLA,T2609081717249168208273,paid,100.0,Others,Tuesday
2026-09-08,10:52 AM,Received from Nanammma,T2609081052111793875549,received,500.0,Others,Tuesday
2026-09-07,12:28 PM,Paid to M RAMANJULU,T2609071228381025933791,paid,20.0,Others,Monday
2026-09-05,7:48 PM,Paid to S  SUBAN  BASHA,T2609051948222306869819,paid,40.0,Others,Saturday
2026-09-04,9:04 PM,Received from Srilekha,T2609042104378242672149,received,40.0,Others,Friday
2026-09-04,9:27 AM,Paid to Blinkit,T2609040927366630094561,paid,188.0,Others,Friday
2026-09-02,6:11 PM,Paid to Srilekha,T2609021811423794653027,paid,158.0,Others,Wednesday
2026-09-02,6:02 AM,Received from Chinna,T2609020602517514653674,received,1000.0,Others,Wednesday
2026-08-31,6:22 PM,Paid to Swiggy,T2608311822142031729957,paid,174.0,Food,Monday
2026-08-30,1:00 PM,Paid to SUBRAMANYAM  KALLA,T2608301300435025242787,paid,150.0,Others,Sunday
2026-08-29,8:34 PM,Paid to M KISHORE,T2608292034196317407411,paid,40.0,Others,Saturday
2026-08-29,6:33 PM,Paid to Mr JUday Kumar Murali,T2608291833466215242626,paid,70.0,Others,Saturday
2026-08-29,4:34 PM,Paid to D Kaveri,T2608291633588388774482,paid,40.0,Others,Saturday
2026-08-27,12:08 PM,Paid to SVC STALL,T2608271208482900598230,paid,105.0,Others,Thursday
2026-08-27,8:45 AM,Paid to Bharathi Vakkalaku,T2608270845359643308411,paid,20.0,Others,Thursday
2026-08-26,11:49 AM,Paid to Bharathi Vakkalaku,T2608261149050355167576,paid,40.0,Others,Wednesday
2026-08-25,11:12 PM,Paid to SWIGGY INSTAMART,T2608252312151021826812,paid,143.0,Food,Tuesday
2026-08-25,7:41 PM,Paid to Bharathi Vakkalaku,T2608251941217592399978,paid,60.0,Others,Tuesday
2026-08-25,1:01 PM,Paid to Swiggy Ltd,T2608251301287064021392,paid,182.0,Food,Tuesday
2026-08-25,1:01 PM,Received from Sweet Home,T2608251301066566089488,received,2000.0,Others,Tuesday
2026-08-24,10:25 AM,Paid to Mr. C ANNAPOORNA,T2608241024594054556936,paid,80.0,Others,Monday
2026-08-23,9:02 PM,Paid to K silpa,T2608232102176002805250,paid,39.0,Others,Sunday
2026-08-23,5:45 PM,Paid to D Saran Kumar,T2608231744581703352988,paid,10.0,Others,Sunday
2026-08-23,5:44 PM,Paid to D Saran Kumar,T2608231744436659511276,paid,40.0,Others,Sunday
2026-08-23,5:44 PM,Paid to Santhi Toys,T2608231744144318208205,paid,30.0,Others,Sunday
2026-08-23,2:18 PM,Paid to Blinkit,T2608231418051624381035,paid,179.0,Others,Sunday
2026-08-23,9:59 AM,Paid to BLINKIT COMMERCE PRIVATE LIMITED,T2608230959149780926760,paid,174.0,Others,Sunday
2026-08-22,9:55 PM,Paid to OUDARYA LAKSHMI STOREs,T2608222155138131236841,paid,50.0,Others,Saturday
2026-08-22,9:43 PM,Paid to Manis Tiffins,T2608222143090616462032,paid,10.0,Others,Saturday
2026-08-22,9:22 PM,Paid to Balaji chat bandhar,T2608222122221882355919,paid,75.0,Others,Saturday
2026-08-22,7:19 PM,Paid to ARAKU COFFEE CAFE,T2608221919037424462724,paid,80.0,Food,Saturday
2026-08-22,4:26 PM,Paid to ARAKU COFFEE CAFE,T2608221626251658319104,paid,10.0,Food,Saturday
2026-08-22,4:22 PM,Paid to D Kaveri,T2608221622320234088000,paid,40.0,Others,Saturday
2026-08-22,4:21 PM,Paid to B Rameshwar Lal Jat,T2608221621392517794281,paid,60.0,Others,Saturday
2026-08-22,3:55 PM,Paid to M S SRI SAI MEDICAL STORE,T2608221555349849795950,paid,137.0,Health,Saturday
2026-08-21,7:51 PM,Paid to SUBRAMANYAM  KALLA,T2608211951045056260137,paid,60.0,Others,Friday
2026-08-21,5:33 PM,Paid to Swiggy Ltd,T2608211733215648716799,paid,174.0,Food,Friday
2026-08-20,9:09 PM,Paid to Srilekha,T2608202109551193273659,paid,246.0,Others,Thursday
2026-08-20,9:08 PM,Refund from MEESHO TECHNOLOGIES PRIVATE LIMITED,T2608202108528450026438,received,246.0,Shopping,Thursday
2026-08-20,7:24 PM,Paid to Rupa tea and cool drinks,T2608201924548539189326,paid,20.0,Others,Thursday
2026-08-20,1:45 PM,Paid to THAHIRBASHA SHAIK,T2608201345153357133925,paid,70.0,Others,Thursday
2026-08-20,8:17 AM,Paid to Anjali canteen,T2608200817494599989452,paid,45.0,Others,Thursday
2026-08-20,7:54 AM,Paid to Sujatha,T2608200754092318204246,paid,2.0,Others,Thursday
2026-08-20,7:50 AM,Paid to Sujatha,T2608200749568248973817,paid,10.0,Others,Thursday
2026-08-20,7:38 AM,Paid to C Giri,T2608200738202787717997,paid,30.0,Others,Thursday
2026-08-19,6:09 PM,Paid to KOUSHIKA ENTERPRISES,T2608191809297881230334,paid,30.0,Others,Wednesday
2026-08-19,5:56 PM,Paid to KOUSHIKA ENTERPRISES,T2608191756173639867234,paid,545.0,Others,Wednesday
2026-08-19,12:19 PM,Paid to C Giri,T2608191219455283137265,paid,50.0,Others,Wednesday
2026-08-19,11:55 AM,Paid to MAYURI COLORS,T2608191155537399950608,paid,105.0,Others,Wednesday
2026-08-18,9:54 PM,Paid to Bharathi Vakkalaku,T2608182154292651790244,paid,10.0,Others,Tuesday
2026-08-18,9:35 PM,Paid to Pg,T2608182135093970467735,paid,4200.0,Others,Tuesday
2026-08-18,9:34 PM,Received from Sweet Home,T2608182134149609175811,received,5000.0,Others,Tuesday
2026-08-18,6:11 PM,Paid to Dominos Pizza,T2608181811349732522948,paid,176.22,Food,Tuesday
2026-08-18,12:34 PM,Paid to Swiggy Ltd,T2608181234555258121912,paid,174.0,Food,Tuesday
2026-08-17,8:45 PM,Mobile recharged 9398971980,NB26081720450382922215982,paid,353.0,Recharge,Monday
2026-08-16,5:31 PM,Received from Sweet Home,T2608161730582634545426,received,2000.0,Others,Sunday
2026-08-16,4:59 PM,Paid to Mahamad Anif D,T2608161659371638531114,paid,200.0,Others,Sunday
2026-08-16,4:51 PM,Paid to ARUN KUMAR,T2608161651096218153220,paid,10.0,Others,Sunday
2026-08-16,4:16 PM,Paid to KUMAR P,T2608161616385655203057,paid,60.0,Others,Sunday
2026-08-15,10:09 PM,Paid to Jumbo softy bigade road,T2608152209319242262995,paid,78.0,Others,Saturday
2026-08-15,10:04 PM,Paid to SYED USMAN,T2608152204124148240096,paid,150.0,Others,Saturday
2026-08-15,5:37 PM,Paid to ANITHA C,T2608151737190233891904,paid,160.0,Others,Saturday
2026-08-15,4:15 PM,Paid to Rapido,T2608151615503808323581,paid,50.0,Travel,Saturday
2026-08-15,3:55 PM,Paid to TSF Food Soda Counter,T2608151555143374210704,paid,20.0,Food,Saturday
2026-08-15,1:57 PM,Paid to Rapido,T2608151357018241910534,paid,80.0,Travel,Saturday
2026-08-14,5:44 PM,Paid to Kotti Yaswanth Royal,T2608141744207914676333,paid,150.0,Others,Friday
2026-08-13,7:58 PM,Received from Mr Mulakalacheruvu Prathap Kumar,T2608131958349199363308,received,1000.0,Others,Thursday
2026-08-13,1:59 PM,Paid to SWIGGY,T2608131359259296437757,paid,227.0,Food,Thursday
2026-08-13,11:42 AM,Paid to Mr. C ANNAPOORNA,T2608131142439851123360,paid,40.0,Others,Thursday
2026-08-13,11:39 AM,Paid to GONIPALLI RAMESH,T2608131139153420082495,paid,20.0,Others,Thursday
2026-08-13,11:05 AM,Received from ******0348,T2608131105074348608086,received,10000.0,Others,Thursday
2026-08-13,11:02 AM,Received from Marva💫,T2608131102245495614740,received,8000.0,Others,Thursday
2026-08-13,10:54 AM,Received from Marva💫,T2608131054326376732708,received,2000.0,Others,Thursday
2026-08-13,10:20 AM,Paid to MAHENDRA JUICE,T2608131020025948149794,paid,30.0,Others,Thursday
2026-08-13,9:01 AM,Received from Maloth Likhitha,T2608130901498854235637,received,20.0,Others,Thursday
2026-08-13,8:45 AM,Paid to C Giri,T2608130845234746524932,paid,30.0,Others,Thursday
2026-08-12,6:20 PM,Paid to YUVAN MEDICALS,T2608121820157171184912,paid,10.0,Health,Wednesday
2026-08-12,3:02 PM,Paid to Swiggy,T2608121502500351849952,paid,174.0,Food,Wednesday
2026-08-12,9:56 AM,Paid to Mr. C ANNAPOORNA,T2608120956280924236265,paid,80.0,Others,Wednesday
2026-08-11,9:24 PM,Paid to Ms GOWTHAMI  MULAKALACHERUVU,T2608112124027561367356,paid,1000.0,Others,Tuesday
2026-08-11,9:22 PM,Received from Sweet Home,T2608112122381907722630,received,1000.0,Others,Tuesday
2026-08-11,7:20 PM,Paid to Bharathi Vakkalaku,T2608111920299718023634,paid,20.0,Others,Tuesday
2026-08-11,5:26 PM,Paid to SUBRAMANYAM  KALLA,T2608111726045720694803,paid,100.0,Others,Tuesday
2026-08-10,7:21 PM,Refund from MEESHO TECHNOLOGIES PRIVATE LIMITED,T2608101921387520230990,received,124.0,Shopping,Monday
2026-08-10,5:08 PM,Paid to AASHEESH KUSHWAHA,T2608101708509689848429,paid,80.0,Others,Monday
2026-08-10,4:32 PM,Paid to AVENUE SUPERMARTS LIMITED,T2608101632197234618272,paid,435.0,Others,Monday
2026-08-09,10:02 PM,Paid to C Giri,T2608092201584201952276,paid,45.0,Others,Sunday
2026-08-09,9:59 PM,Paid to M S SRI SAI MEDICAL STORE,T2608092159085728965494,paid,44.0,Health,Sunday
2026-08-09,7:29 PM,Paid to VALLURU  RADHAKRISHNA,T2608091929406749828836,paid,20.0,Others,Sunday
2026-08-09,3:19 PM,Paid to GOKUL CHICKEN CENTER,T2608091519381443507715,paid,10.0,Others,Sunday
2026-08-09,1:31 PM,Paid to Garuda Bakery,T2608091331178793895599,paid,260.0,Food,Sunday
2026-08-09,9:23 AM,Received from Mr Mulakalacheruvu Prathap Kumar,T2608090923310902407608,received,1000.0,Others,Sunday
2026-08-07,4:18 PM,Paid to Chill zone ice cream,T2608071618303404786611,paid,60.0,Others,Friday
2026-08-06,10:24 PM,Received from Srilekha,T2608062224485890345006,received,246.0,Others,Thursday
2026-08-06,10:24 PM,Paid to MEESHO TECHNOLOGIES PRIVATE LIMITED,T2608062224361908421791,paid,246.0,Shopping,Thursday
2026-08-06,2:05 PM,Paid to Swiggy,T2608061405319617650540,paid,174.0,Food,Thursday
2026-08-05,4:58 PM,Paid to SU TIRUPATI NAIDU COMPLEX,T2608051658031238506126,paid,2096.0,Others,Wednesday
2026-08-05,4:57 PM,Received from Sweet Home,T2608051657155477660536,received,2000.0,Others,Wednesday
2026-08-04,6:12 PM,Paid to MEESHO TECHNOLOGIES PRIVATE LIMITED,T2608041812427498269812,paid,124.0,Shopping,Tuesday
2026-08-04,4:19 PM,Paid to B V V FOODS-EDC,T2608041619296005315590,paid,80.0,Food,Tuesday
2026-08-03,8:10 PM,Paid to Swiggy Ltd,T2608032010179428865842,paid,143.0,Food,Monday
2026-08-03,5:00 PM,Paid to Srilekha,T2608031700481340638222,paid,85.0,Others,Monday
2026-08-03,4:57 PM,Paid to T  MUNEMMA,T2608031657382203343375,paid,30.0,Others,Monday
2026-08-03,4:44 PM,Paid to Lucky juice cornor and cafe,T2608031644037169060607,paid,10.0,Food,Monday
2026-08-03,4:30 PM,Received from Mr Mulakalacheruvu Prathap Kumar,T2608031630368149889492,received,500.0,Others,Monday
2026-08-03,3:56 PM,Paid to D SABEENA,T2608031556255617313466,paid,40.0,Others,Monday
2026-08-03,1:36 PM,Paid to Srilekha,T2608031336120415793237,paid,5000.0,Others,Monday
2026-08-03,1:35 PM,Paid to Srilekha,T2608031335539127259260,paid,5000.0,Others,Monday
2026-08-03,11:18 AM,Paid to MAHENDRA JUICE,T2608031118019526850579,paid,30.0,Others,Monday
2026-08-02,5:54 PM,Paid to SANAPALA SURYANARAYANA,T2608021753500865860394,paid,120.0,Others,Sunday
2026-08-02,5:53 PM,Received from Srilekha,T2608021753509943968112,received,60.0,Others,Sunday
2026-08-02,5:45 PM,Paid to M Aswani Kumar,T2608021745459341507311,paid,25.0,Others,Sunday
2026-08-02,5:41 PM,Paid to PRAKASHAM PARK,T2608021741496778560030,paid,40.0,Others,Sunday
2026-08-02,5:21 PM,Paid to THE COCOA CRAFT,T2608021720598962786583,paid,99.0,Others,Sunday
2026-08-02,5:13 PM,Received from Sweet Home,T2608021713273617146281,received,1000.0,Others,Sunday
2026-08-02,4:55 PM,Paid to K CHARAN TEJA,T2608021655033624221728,paid,60.0,Others,Sunday
2026-08-02,4:02 PM,Paid to SIVAPRASAD  V,T2608021602163494330374,paid,40.0,Others,Sunday
2026-08-02,11:56 AM,Paid to MEESHO TECHNOLOGIES PRIVATE LIMITED,T2608021156335569845261,paid,178.0,Shopping,Sunday
2026-08-01,8:50 PM,Paid to K silpa,T2608012050162565301651,paid,79.0,Others,Saturday
2026-08-01,3:08 PM,Paid to Chill zone ice cream,T2608011508002714221329,paid,65.0,Others,Saturday
2026-07-31,9:52 AM,Paid to SWIGGY,T2607310952448481102285,paid,149.0,Food,Friday
2026-07-30,9:48 PM,Received from Mr Mulakalacheruvu Prathap Kumar,T2607302148211470000160,received,10000.0,Others,Thursday
2026-07-30,7:50 PM,Paid to Srilekha,T2607301950469567007390,paid,50.0,Others,Thursday
2026-07-30,7:40 PM,Paid to AASHEESH KUSHWAHA,T2607301940260071476220,paid,40.0,Others,Thursday
2026-07-30,3:28 PM,Paid to P RAVI,T2607301528191286044097,paid,20.0,Others,Thursday
2026-07-30,2:57 PM,Paid to Sri sai stores 22,T2607301457521120463249,paid,50.0,Others,Thursday
2026-07-29,6:30 PM,Paid to PASYAM  NARASIMHULU,T2607291830458884566391,paid,100.0,Others,Wednesday
2026-07-29,3:29 PM,Paid to S  Shabbeer,T2607291529367780318399,paid,40.0,Others,Wednesday
2026-07-28,5:20 PM,Paid to SWIGGY,T2607281720053620627105,paid,174.0,Food,Tuesday
2026-07-28,4:36 PM,Paid to B  Rajeswari,T2607281636006516388985,paid,20.0,Others,Tuesday
2026-07-27,10:17 PM,Paid to SUGUNA TIFFEN CENTER,T2607272216587452480439,paid,60.0,Others,Monday
2026-07-27,4:45 PM,Paid to VEERA AUTO SERVICE,T2607271645143258563120,paid,40.0,Others,Monday
2026-07-26,3:21 PM,Paid to Trends Tirupati TX3U,T2607261521260607312295,paid,311.0,Others,Sunday
2026-07-26,2:19 PM,Paid to Explorex,T2607261418542979172844,paid,1244.0,Others,Sunday
2026-07-25,1:57 PM,Paid to Y  Manohar,T2607251357276672804448,paid,20.0,Others,Saturday
2026-07-25,1:31 PM,Paid to MAHENDRA JUICE,T2607251330504649278565,paid,40.0,Others,Saturday
2026-07-25,8:59 AM,Received from Priyanka,T2607250859062120650365,received,10.0,Others,Saturday
2026-07-25,8:48 AM,Received from ******8590,T2607250848523222274837,received,20.0,Others,Saturday
2026-07-24,7:58 PM,Received from Srilekha,T2607241958037680464486,received,710.0,Others,Friday
2026-07-24,7:45 PM,Paid to S JAHERA BEE,T2607241945011245160102,paid,40.0,Others,Friday
2026-07-24,7:19 PM,Paid to AVENUE SUPERMARTS LIMITED,T2607241919539322274474,paid,1356.0,Others,Friday
2026-07-24,11:28 AM,Paid to SWIGGY INSTAMART,T2607241128496402294330,paid,133.0,Food,Friday
2026-07-23,5:06 PM,Paid to OUDARYA LAKSHMI STOREs,T2607231706033519950355,paid,30.0,Others,Thursday
2026-07-23,4:59 PM,Paid to MADARBEE DUDEKULA,T2607231658569358534728,paid,70.0,Others,Thursday
2026-07-23,4:56 PM,Paid to Jayamma Fruits,T2607231656441847250275,paid,30.0,Others,Thursday
2026-07-22,4:43 PM,Received from Mr Mulakalacheruvu Prathap Kumar,T2607221643248929471067,received,1000.0,Others,Wednesday
2026-07-22,3:26 PM,Paid to C Revathi,T2607221526202377083443,paid,60.0,Others,Wednesday
2026-07-22,1:41 PM,Paid to MAHENDRA JUICE,T2607221341547830350608,paid,40.0,Others,Wednesday
2026-07-22,6:52 AM,Paid to Bharathi Vakkalaku,T2607220652203458093809,paid,38.0,Others,Wednesday
2026-07-21,6:07 PM,Paid to SWIGGY,T2607211807009137187723,paid,174.0,Food,Tuesday
2026-07-21,5:38 PM,Paid to SWIGGY,T2607211738469526064048,paid,174.0,Food,Tuesday
2026-07-21,5:09 PM,Paid to SWIGGY INSTAMART,T2607211707242054606649,paid,106.0,Food,Tuesday
2026-07-21,1:52 PM,Paid to MAHENDRA JUICE,T2607211352119094891560,paid,40.0,Others,Tuesday
2026-07-20,10:33 PM,Paid to NEELA SANTHOSH KUMAR,T2607202232562486064923,paid,129.0,Others,Monday
2026-07-20,4:58 PM,Paid to SHAIK NOORJAHAN,T2607201657584945359296,paid,50.0,Others,Monday
2026-07-20,4:55 PM,Paid to Balaji bakery,T2607201655222111126428,paid,40.0,Food,Monday
2026-07-20,4:52 PM,Paid to AASHEESH KUSHWAHA,T2607201652194739625269,paid,20.0,Others,Monday
2026-07-20,1:19 PM,Mobile recharged 9398971980,NB26072013190874238563662,paid,353.0,Recharge,Monday
2026-07-19,9:20 PM,Paid to D ESWARA REDDY,T2607192120512553119807,paid,100.0,Others,Sunday
2026-07-19,11:17 AM,Paid to Blinkit,T2607191117355076036948,paid,145.0,Others,Sunday
2026-07-18,2:30 PM,Paid to Lucky juice cornor and cafe,T2607181430382364266585,paid,10.0,Food,Saturday
2026-07-18,2:28 PM,Received from ******2591,T2607181428168022018208,received,40.0,Others,Saturday
2026-07-18,2:27 PM,Paid to Raghu electricals,T2607181427268667234623,paid,50.0,Others,Saturday
2026-07-18,1:08 PM,Paid to B Rameshwar Lal jat,T2607181308066905086970,paid,220.0,Others,Saturday
2026-07-17,9:18 PM,Paid to Hitachi Payment Services Pvt Ltd,T2607172118089056853517,paid,10.0,Others,Friday
2026-07-17,9:14 PM,Paid to MADARBEE DUDEKULA,T2607172114334391923557,paid,140.0,Others,Friday
2026-07-17,5:28 PM,Refund from MEESHO TECHNOLOGIES PRIVATE LIMITED,T2607171728115531028982,received,119.0,Shopping,Friday
2026-07-17,1:24 PM,Paid to SVC STALL,T2607171323533927546369,paid,10.0,Others,Friday
2026-07-17,1:20 PM,Paid to B V V FOODS-EDC,T2607171320173181796184,paid,80.0,Food,Friday
2026-07-17,11:03 AM,Paid to MAHENDRA JUICE,T2607171103542633997588,paid,30.0,Others,Friday
2026-07-16,1:57 PM,Paid to TABAREZ SO ATHAULLAH,T2607161357319821263067,paid,130.0,Others,Thursday
2026-07-15,9:35 PM,Paid to Pg,T2607152135188805725949,paid,4200.0,Others,Wednesday
2026-07-15,6:14 PM,Paid to TANUKU  NAGA MUNEIAH,T2607151814253384306488,paid,20.0,Others,Wednesday
2026-07-15,2:41 PM,Received from Mr Mulakalacheruvu Prathap Kumar,T2607151441172093539329,received,5000.0,Others,Wednesday
2026-07-15,2:05 PM,Paid to Lucky juice cornor and cafe,T2607151405217470806082,paid,10.0,Food,Wednesday
2026-07-14,2:53 PM,Paid to Swiggy,T2607141453381513648158,paid,174.0,Food,Tuesday
2026-07-13,5:28 PM,Paid to KAMLESH KUMAR JAT,T2607131728075395247694,paid,60.0,Others,Monday
2026-07-13,5:24 PM,Paid to Srilekha,T2607131724328803601738,paid,85.0,Others,Monday
2026-07-13,1:51 PM,Paid to Sri sai stores 22,T2607131351124382659127,paid,10.0,Others,Monday
2026-07-12,8:23 PM,Paid to D ESWARA REDDY,T2607122023075957683302,paid,60.0,Others,Sunday
2026-07-11,8:33 PM,Received from Srilekha,T2607112033306132067466,received,190.0,Others,Saturday
2026-07-11,8:29 PM,Paid to PS4 Tirupati,T2607112029348753672183,paid,325.0,Others,Saturday
2026-07-11,8:23 PM,Paid to VAKKALAKULA VISWANATH,T2607112023252029025764,paid,40.0,Others,Saturday
2026-07-11,8:10 PM,Paid to SK HOTEL NEW,T2607112010040701628562,paid,18.0,Others,Saturday
2026-07-10,2:13 PM,Paid to M GEETHA,T2607101413194298714910,paid,30.0,Others,Friday
2026-07-09,4:20 PM,Paid to MEESHO TECHNOLOGIES PRIVATE LIMITED,T2607091620087287184612,paid,119.0,Shopping,Thursday
2026-07-09,4:18 PM,Paid to MEESHO TECHNOLOGIES PRIVATE LIMITED,T2607091618108843284431,paid,119.0,Shopping,Thursday
2026-07-09,3:21 PM,Paid to KAMLESH KUMAR JAT,T2607091521302909216048,paid,85.0,Others,Thursday
2026-07-09,3:16 PM,Paid to K. Adi lakshmi fruit juice,T2607091516195123817970,paid,170.0,Others,Thursday
2026-07-09,2:34 PM,Paid to Challa Sai Bhavani,T2607091434337653941239,paid,10.0,Others,Thursday
2026-07-09,2:31 PM,Paid to DMART AVENUE SUPERMARTS LTD,T2607091430574961616651,paid,17.0,Shopping,Thursday
2026-07-09,2:28 PM,Paid to DMART AVENUE SUPERMARTS LTD,T2607091428554604876432,paid,1033.5,Shopping,Thursday
2026-07-09,2:25 PM,Received from Sweet Home,T2607091425149423941368,received,2000.0,Others,Thursday
2026-07-09,6:08 AM,Received from Chinna,T2607090607544831261067,received,2000.0,Others,Thursday
2026-07-08,9:55 PM,Received from Sweet Home,T2607082155051854749046,received,2000.0,Others,Wednesday
2026-07-08,6:07 PM,Paid to Bharathi Vakkalaku,T2607081807340926733854,paid,15.0,Others,Wednesday
2026-07-08,6:01 PM,Paid to Bharathi Vakkalaku,T2607081801403132458111,paid,20.0,Others,Wednesday
2026-07-08,12:25 PM,Mobile recharged 9618314970,NX26070812254685701718081,paid,22.0,Recharge,Wednesday
2026-07-08,12:06 PM,Paid to Swiggy Ltd,T2607081206147958533119,paid,138.0,Food,Wednesday
2026-07-05,7:41 PM,Paid to N KANNAIAH,T2607051941275976966550,paid,50.0,Others,Sunday
2026-07-05,7:39 PM,Paid to ADILAXMI FRUIT JUICE,T2607051939134884888686,paid,40.0,Others,Sunday
2026-07-05,7:36 PM,Paid to PIDUTHALA LAKSHMIDEVI,T2607051936176572631501,paid,50.0,Others,Sunday
2026-07-05,7:34 PM,Paid to THIRUMALASETTY SRAVAN KUMAR,T2607051934034664676102,paid,60.0,Others,Sunday
2026-07-04,10:37 PM,Paid to Ms GOWTHAMI  MULAKALACHERUVU,T2607042237049345119248,paid,1000.0,Others,Saturday
2026-07-03,7:12 PM,Paid to Swiggy Ltd,T2607031912064417229533,paid,174.0,Food,Friday
2026-07-02,7:47 PM,Paid to THULASI TIFFIN CENTRE,T2607021946564983912125,paid,30.0,Others,Thursday
2026-07-02,7:38 PM,Paid to SK HOTEL NEW,T2607021938012447346956,paid,18.0,Others,Thursday
2026-07-01,7:57 PM,Received from Srilekha,T2607011957102496144547,received,184.0,Others,Wednesday
2026-07-01,7:42 PM,Paid to SWIGGY INSTAMART PRIVATE LIMITED,T2607011942517418181776,paid,184.0,Food,Wednesday
2026-07-01,6:53 PM,Paid to SWIGGY,T2607011853236264050724,paid,70.0,Food,Wednesday
2026-07-01,9:26 AM,Paid to M S SRI SAI MEDICAL STORE,T2607010926032915876357,paid,273.0,Health,Wednesday
2026-06-30,1:00 PM,Paid to SWIGGY INSTAMART PRIVATE LIMITED,T2606301300005402824548,paid,232.0,Food,Tuesday
2026-06-29,9:58 PM,Paid to Chill zone ice cream,T2606292158520083635405,paid,20.0,Others,Monday
2026-06-29,9:57 PM,Paid to VAKKALAKULA VISWANATH,T2606292157204347519418,paid,50.0,Others,Monday
2026-06-29,7:00 PM,Received from Mr Mulakalacheruvu Prathap Kumar,T2606291900463314889430,received,1500.0,Others,Monday
2026-06-27,9:43 PM,Paid to Manasa Akka😊,T2606272142583912507193,paid,1500.0,Others,Saturday
2026-06-27,9:23 PM,Paid to Thos,T2606272123385946187328,paid,160.0,Others,Saturday
2026-06-27,9:10 PM,Paid to Sandeep mobiles,T2606272110183972506262,paid,600.0,Others,Saturday
2026-06-27,8:20 PM,Paid to Sri Karupaswamy stationary,T2606272020466263717932,paid,122.0,Others,Saturday
2026-06-27,8:13 PM,Paid to SRI guru juise point,T2606272012596373163986,paid,30.0,Others,Saturday
2026-06-27,8:12 PM,Paid to SRI guru juise point,T2606272012028902506757,paid,30.0,Others,Saturday
2026-06-27,1:20 PM,Paid to SWIGGY INSTAMART PRIVATE LIMITED,T2606271320485077909215,paid,105.0,Food,Saturday
2026-06-25,11:24 PM,Paid to SWIGGY,T2606252323208547060673,paid,122.0,Food,Thursday
2026-06-25,6:57 PM,Paid to Bharathi Vakkalaku,T2606251857069557485193,paid,20.0,Others,Thursday
2026-06-25,6:41 PM,Paid to Ms LAASYAVI FOOD POINT,T2606251841506103837237,paid,60.0,Food,Thursday
2026-06-25,6:39 PM,Paid to S HASEENA,T2606251839463422506344,paid,40.0,Others,Thursday
2026-06-24,9:03 PM,Paid to Narayana Cool Drinks Shop,T2606242103479468964937,paid,100.0,Others,Wednesday
2026-06-24,12:21 PM,Mobile recharged 9618314970,NX26062412210128866992731,paid,222.0,Recharge,Wednesday
2026-06-24,12:11 PM,Paid to Blinkit,T2606241211460125039657,paid,102.0,Others,Wednesday
2026-06-23,1:50 PM,Paid to SWIGGY INSTAMART PRIVATE LIMITED,T2606231350145831747300,paid,295.0,Food,Tuesday
2026-06-22,8:56 PM,Received from Atha😍,T2606222056210957558120,received,1000.0,Others,Monday
2026-06-21,9:35 PM,Paid to VENKATARAM REDDY FRUITS,T2606212135391655721244,paid,50.0,Others,Sunday
2026-06-21,9:31 PM,Paid to MANGAL SINGH,T2606212131523919488958,paid,60.0,Others,Sunday
2026-06-21,7:30 PM,Paid to D Kaveri,T2606211930408868915663,paid,40.0,Others,Sunday
2026-06-21,1:47 PM,Paid to Swiggy Ltd,T2606211347219077952708,paid,148.0,Food,Sunday
2026-06-20,6:55 PM,Paid to SWIGGY,T2606201854581761161290,paid,173.0,Food,Saturday
2026-06-20,6:50 PM,Received from Srilekha,T2606201850210863916915,received,159.0,Others,Saturday
2026-06-20,6:49 PM,Paid to SWIGGY,T2606201849311797952942,paid,159.0,Food,Saturday
2026-06-20,4:02 PM,Received from Amma😍,T2606201602465477272790,received,3000.0,Others,Saturday
2026-06-20,1:06 PM,Paid to TANUKU  NAGA MUNEIAH,T2606201306060407066569,paid,20.0,Others,Saturday
2026-06-20,8:38 AM,Mobile recharged 9398971980,NX26062008383147517826441,paid,353.0,Recharge,Saturday
2026-06-18,10:24 PM,Paid to GOENKA KACHAVE LLP,T2606182223586188615723,paid,11.13,Others,Thursday
2026-06-18,9:00 AM,Paid to Pg,T2606180900371554310118,paid,4200.0,Others,Thursday
2026-06-18,8:17 AM,Received from Sweet Home,T2606180817265151581172,received,5000.0,Others,Thursday
2026-06-17,6:48 PM,Paid to G SUBRAMANYAM,T2606171848224399417574,paid,40.0,Others,Wednesday
2026-06-17,6:45 PM,Paid to AUDHARYA LAKSHMI STORES 2,T2606171845517217364626,paid,50.0,Others,Wednesday
2026-06-17,6:39 PM,Paid to MOOSA  VENKATESULU,T2606171839205437569340,paid,40.0,Others,Wednesday
2026-06-17,6:31 PM,Paid to SRI BALAJI CHAT BHANDAR,T2606171831572032720336,paid,10.0,Others,Wednesday
2026-06-17,6:31 PM,Paid to SRI BALAJI CHAT BHANDAR,T2606171831373254521391,paid,20.0,Others,Wednesday
2026-06-17,6:10 PM,Paid to ARAKU COFFEE CAFE,T2606171810339725519202,paid,10.0,Food,Wednesday
2026-06-17,5:20 PM,Paid to Vegetables and Grocery Shop,T2606171720242870884526,paid,25.0,Others,Wednesday
2026-06-16,7:32 PM,Received from Atha😍,T2606161932255413230895,received,200.0,Others,Tuesday
2026-06-15,1:59 PM,Paid to SRAVANI FILLING STATION,T2606151359146349086608,paid,200.0,Others,Monday
2026-06-15,1:33 PM,Paid to SUBRAMANYAM  KALLA,T2606151333399954130804,paid,300.0,Others,Monday
2026-06-15,12:56 PM,Paid to A Rajeswari,T2606151255587766570845,paid,20.0,Others,Monday
2026-06-13,8:45 PM,Paid to TIRUMALA BEKARY,T2606132045409919860528,paid,214.0,Others,Saturday
2026-06-12,3:10 PM,Paid to R JOSEPH,T2606121510283149955091,paid,90.0,Others,Friday
2026-06-11,11:23 PM,Paid to Ms GOWTHAMI  MULAKALACHERUVU,T2606112323018698245264,paid,1000.0,Others,Thursday
2026-06-11,10:51 PM,Paid to MEESHO TECHNOLOGIES PRIVATE LIMITED,T2606112251073382250736,paid,176.0,Shopping,Thursday
2026-06-11,5:51 AM,Paid to B HARIPRASAD NAIK,T2606110551418500591008,paid,40.0,Others,Thursday
2026-06-10,9:48 PM,Received from Sweet Home,T2606102148441100191957,received,1000.0,Others,Wednesday
2026-06-06,3:56 PM,Paid to shaik shafida,T2606061556394195654930,paid,58.0,Others,Saturday
2026-06-06,1:50 PM,Paid to HAJJABAYIGARI  MD HAYAZ,T2606061350413638956712,paid,283.0,Others,Saturday
2026-06-05,3:30 PM,Paid to Mrs Shaik Rahajan,T2606051530497334792597,paid,50.0,Others,Friday
2026-06-05,1:34 PM,Paid to Thulasi Frnd,T2606051334223537624605,paid,20.0,Others,Friday
2026-06-05,1:02 PM,Paid to Thulasi Frnd,T2606051302485845171226,paid,153.0,Others,Friday
2026-06-04,4:56 PM,Mobile recharged 9701731609,NX26060416564059311478401,paid,353.0,Recharge,Thursday
2026-06-03,7:08 PM,Paid to Chakri🙂 Son,T2606031908511139929878,paid,1.0,Others,Wednesday
2026-06-03,6:11 PM,Paid to RAIS,T2606031811063452052337,paid,120.0,Others,Wednesday
2026-06-01,9:02 PM,Paid to VIDYA SAGAR MALLEM,T2606012102052045940994,paid,80.0,Shopping,Monday
2026-06-01,8:59 PM,Paid to VIDYA SAGAR MALLEM,T2606012059372388178947,paid,40.0,Shopping,Monday
2026-06-01,8:51 PM,Paid to INDRAPAL KUSHWAHA,T2606012051451071882513,paid,60.0,Others,Monday
2026-06-01,8:41 PM,Paid to M IMRAN BAIG,T2606012041091017412467,paid,186.0,Others,Monday
2026-05-31,4:37 PM,Paid to APOLLO PHARMACY,T2605311637325085228774,paid,211.0,Health,Sunday
2026-05-30,5:32 PM,Paid to N Divakar,T2605301732309856061974,paid,135.0,Others,Saturday
2026-05-30,4:47 PM,Paid to Manasa Akka😊,T2605301647401719399941,paid,700.0,Others,Saturday
2026-05-30,4:39 PM,Received from Sweet Home,T2605301638586233666877,received,1000.0,Others,Saturday
2026-05-26,3:20 PM,Paid to DHANVIK TASTE FOODS,T2605261520241730494362,paid,20.0,Food,Tuesday
2026-05-26,3:17 PM,Paid to S HASEENA,T2605261517357171654258,paid,40.0,Others,Tuesday
2026-05-26,2:42 PM,Paid to Zudio,T2605261442426994253726,paid,1408.0,Others,Tuesday
2026-05-26,12:38 PM,Received from Mr Mulakalacheruvu Prathap Kumar,T2605261238128395307631,received,2500.0,Others,Tuesday
2026-05-24,10:32 AM,Paid to Hema latha store,T2605241031595237572201,paid,5.0,Others,Sunday
2026-05-24,10:31 AM,Paid to Hema latha store,T2605241031181450836833,paid,25.0,Others,Sunday
2026-05-22,11:28 AM,Paid to Swiggy Ltd,T2605221127470360289882,paid,162.0,Food,Friday
2026-05-21,6:29 PM,Paid to Mr Ashok Pandith,T2605211829366549893028,paid,50.0,Others,Thursday
2026-05-21,6:28 PM,Paid to AASHEESH KUSHWAHA,T2605211828472591338032,paid,20.0,Others,Thursday
2026-05-21,3:00 PM,Paid to Meesho,T2605211500098356276312,paid,189.0,Shopping,Thursday
2026-05-21,9:00 AM,Paid to Pg,T2605210900535554434902,paid,4200.0,Others,Thursday
2026-05-21,4:31 AM,Received from Mr Mulakalacheruvu Prathap Kumar,T2605210431504414909696,received,5000.0,Others,Thursday
2026-05-20,5:27 PM,Paid to Sri Ganesh  tea stall,T2605201727407046896931,paid,40.0,Others,Wednesday
2026-05-20,5:12 PM,Paid to BEAUTY PALACE,T2605201712459770479571,paid,270.0,Others,Wednesday
2026-05-20,4:42 PM,Paid to MR DIY,T2605201642122583968265,paid,126.0,Others,Wednesday
2026-05-20,4:18 PM,Paid to Zudio,T2605201618113918618167,paid,1498.0,Others,Wednesday
2026-05-20,2:44 PM,Paid to ARABEIQ RESTAURANT,T2605201444539133596599,paid,430.0,Food,Wednesday
2026-05-20,1:16 PM,Mobile recharged 9398971980,NX26052013161096936034331,paid,353.0,Recharge,Wednesday
2026-05-19,1:39 PM,Paid to S HASEENA,T2605191339060451874552,paid,40.0,Others,Tuesday
2026-05-19,1:35 PM,Paid to CRAVINGS KITCHEN HYDERABADI BIRYANI,T2605191335313893086313,paid,160.0,Food,Tuesday
2026-05-19,12:56 PM,Paid to MAHENDRA JUICE,T2605191256260314512992,paid,30.0,Others,Tuesday
2026-05-18,10:16 AM,Received from Ms GOWTHAMI  MULAKALACHERUVU,T2605181016218538506227,received,4000.0,Others,Monday
2026-05-17,4:03 PM,Received from Mr Mulakalacheruvu Prathap Kumar,T2605171603013376416660,received,500.0,Others,Sunday
2026-05-16,1:05 PM,Paid to MAHENDRA JUICE,T2605161305343615389821,paid,30.0,Others,Saturday
2026-05-14,8:37 PM,Paid to D ESWARA REDDY,T2605142037538935416860,paid,60.0,Others,Thursday
2026-05-14,1:41 PM,Paid to K LAKSHMI,T2605141341351942204124,paid,20.0,Others,Thursday
2026-05-14,1:08 PM,Paid to MAHENDRA JUICE,T2605141308377568469360,paid,30.0,Others,Thursday
2026-05-13,9:08 PM,Paid to Gowthu Akka😍,T2605132108271105812153,paid,500.0,Others,Wednesday
2026-05-12,5:21 PM,Paid to Gowthu Akka😍,T2605121721234566347168,paid,500.0,Others,Tuesday
2026-05-12,4:22 PM,Paid to MANOJ YADHAV,T2605121622082655908569,paid,40.0,Others,Tuesday
2026-05-12,1:04 PM,Paid to MAHENDRA JUICE,T2605121304266957551319,paid,30.0,Others,Tuesday
2026-05-11,8:46 AM,Paid to SUNDU SOMACHANDRA,T2605110846104499703920,paid,50.0,Others,Monday
2026-05-10,6:00 PM,Received from Sweet Home,T2605101800202464937986,received,500.0,Others,Sunday
2026-05-09,7:57 PM,Received from Mr Mulakalacheruvu Prathap Kumar,T2605091957070437311393,received,700.0,Others,Saturday
2026-05-09,7:49 PM,Paid to KORAMANNA GARI HARISH KUMAR,T2605091949194168961198,paid,30.0,Others,Saturday
2026-05-09,2:23 PM,Paid to S  SUNEERA,T2605091423414124240544,paid,5.0,Others,Saturday
2026-05-08,8:04 PM,Paid to S HASEENA,T2605082003571850753104,paid,30.0,Others,Friday
2026-05-08,1:40 PM,Paid to G  RAJA,T2605081340099324489429,paid,20.0,Others,Friday
2026-05-08,1:04 PM,Paid to MAHENDRA JUICE,T2605081304051035047723,paid,30.0,Others,Friday
2026-05-08,9:33 AM,Paid to Sri sai stores 22,T2605080933233543447666,paid,25.0,Others,Friday
2026-05-06,1:46 PM,Paid to Mr MINHAJUDDIN KHAN  MOHAMMAD,T2605061346507359507064,paid,160.0,Others,Wednesday
2026-05-06,1:44 PM,Paid to S HASEENA,T2605061344515407805675,paid,40.0,Others,Wednesday
2026-05-05,6:56 PM,Paid to Srilekha,T2605051856347440782053,paid,50.0,Others,Tuesday
2026-05-05,6:49 PM,Paid to S HASEENA,T2605051849052130171557,paid,10.0,Others,Tuesday
2026-05-05,6:44 PM,Paid to PIDUTHALA LAKSHMIDEVI,T2605051844063017504881,paid,30.0,Others,Tuesday
2026-05-04,9:35 AM,Paid to Sri sai stores 22,T2605040935479942836847,paid,13.0,Others,Monday
2026-05-02,9:49 PM,Mobile recharged 9701731609,NX26050221491404917991551,paid,19.0,Recharge,Saturday
2026-05-02,8:24 PM,Received from Mr Mulakalacheruvu Prathap Kumar,T2605022024125894120817,received,500.0,Others,Saturday
2026-05-02,7:03 PM,Paid to Narasimha Provisions,T2605021903064302213607,paid,60.0,Others,Saturday
2026-05-01,7:00 PM,Paid to Narasimha Provisions,T2605011900383364580719,paid,70.0,Others,Friday
2026-04-30,5:19 PM,Paid to TIRUPATI  KRISHNAIAH,T2604301718569359278124,paid,5.0,Others,Thursday
2026-04-30,5:11 PM,Paid to C Revathi,T2604301711441685652826,paid,110.0,Others,Thursday
2026-04-30,5:06 PM,Paid to HARATHI FANCY STORE,T2604301706357818831893,paid,55.0,Others,Thursday
2026-04-29,4:18 PM,Received from Srilekha,T2604291618381909208956,received,30.0,Others,Wednesday
2026-04-29,4:18 PM,Paid to C Giri,T2604291618272130095264,paid,60.0,Others,Wednesday
2026-04-29,4:12 PM,Paid to K DEVENDRA,T2604291612469947441885,paid,40.0,Others,Wednesday
2026-04-29,4:10 PM,Paid to SHAIK NOORJAHAN,T2604291610181828213852,paid,20.0,Others,Wednesday
2026-04-29,11:39 AM,Paid to MAHENDRA JUICE,T2604291139290934272778,paid,40.0,Others,Wednesday
2026-04-28,10:14 PM,Received from Mr Mulakalacheruvu Prathap Kumar,T2604282214317401824043,received,500.0,Others,Tuesday
2026-04-28,3:40 PM,Paid to M GEETHA,T2604281540428843095776,paid,20.0,Others,Tuesday
2026-04-28,3:13 PM,Paid to Marva💫,T2604281513001706482187,paid,100.0,Others,Tuesday
2026-04-28,10:54 AM,Paid to MAHENDRA JUICE,T2604281054184402052665,paid,30.0,Others,Tuesday
2026-04-27,11:59 AM,Paid to Srilekha,T2604271159400992120884,paid,70.0,Others,Monday
2026-04-27,11:06 AM,Paid to MAHENDRA JUICE,T2604271106289980958656,paid,40.0,Others,Monday
2026-04-26,2:54 PM,Paid to Srilekha,T2604261454312051554296,paid,25.0,Others,Sunday
2026-04-26,1:34 PM,Paid to Pg,T2604261334419250097922,paid,4200.0,Others,Sunday
2026-04-26,11:06 AM,Received from Mr Mulakalacheruvu Prathap Kumar,T2604261106247088600015,received,4500.0,Others,Sunday
2026-04-25,1:11 PM,Paid to Mrs M Geetha,T2604251311237888749159,paid,40.0,Others,Saturday
2026-04-25,12:38 PM,Paid to Savarni🤩,T2604251238243734276799,paid,56.0,Others,Saturday
2026-04-25,11:23 AM,Paid to MAHENDRA JUICE,T2604251123242393237217,paid,40.0,Others,Saturday
2026-04-24,12:04 PM,Paid to Nagamma Fruits Shop,T2604241204418557648748,paid,40.0,Others,Friday
2026-04-23,1:48 PM,Paid to Sivam ice cream,T2604231348013304933700,paid,45.0,Others,Thursday
2026-04-23,9:21 AM,Paid to Sri sai stores 22,T2604230921070335870507,paid,15.0,Others,Thursday
2026-04-22,11:47 AM,Paid to Narasimha Provisions,T2604221147495380300215,paid,10.0,Others,Wednesday
2026-04-21,5:49 PM,Paid to VAKKALAKULA VISWANATH,T2604211749382558972070,paid,40.0,Others,Tuesday
2026-04-20,6:31 PM,Paid to S HASEENA,T2604201831551226330109,paid,50.0,Others,Monday
2026-04-20,6:30 PM,Paid to MADARBEE DUDEKULA,T2604201830311598074877,paid,40.0,Others,Monday
2026-04-20,6:26 PM,Paid to K DEVENDRA,T2604201826517193951485,paid,40.0,Others,Monday
2026-04-20,5:54 PM,Received from Sweet Home,T2604201754346484470213,received,500.0,Others,Monday
2026-04-20,5:36 PM,Paid to TANUKU  NAGA MUNEIAH,T2604201736452841735063,paid,20.0,Others,Monday
2026-04-20,10:50 AM,Paid to Mr. C ANNAPOORNA,T2604201050258783910349,paid,75.0,Others,Monday
2026-04-19,7:00 PM,Paid to FNP CAKES-1,T2604191900223409529566,paid,160.0,Others,Sunday
2026-04-17,11:33 AM,Paid to Sivam ice cream,T2604171133412344150718,paid,85.0,Others,Friday
2026-04-17,11:31 AM,Paid to Balaji bakery,T2604171131530830171514,paid,40.0,Food,Friday
2026-04-17,10:48 AM,Paid to SVCOLLEGES,T2604171048532240662582,paid,16420.0,Education,Friday
2026-04-17,10:48 AM,Paid to SVCOLLEGES,T2604171048034188897574,paid,16420.0,Education,Friday
2026-04-17,10:47 AM,Paid to SVCOLLEGES,T2604171047194738867038,paid,16420.0,Education,Friday
2026-04-17,8:24 AM,Paid to Sri Ganesh  tea stall,T2604170823583350612865,paid,10.0,Others,Friday
2026-04-17,8:22 AM,Paid to E Kavamma,T2604170822482623531483,paid,20.0,Others,Friday
2026-04-17,6:51 AM,Received from Mr Mulakalacheruvu Prathap Kumar,T2604170651285215225427,received,2000.0,Others,Friday
2026-04-15,8:32 PM,Received from Sweet Home,T2604152032086557053065,received,2000.0,Others,Wednesday
2026-04-15,7:06 PM,Received from Mr Mulakalacheruvu Prathap Kumar,T2604151906241079440037,received,13000.0,Others,Wednesday
2026-04-15,4:22 PM,Received from Sweet Home,T2604151622518808147163,received,15000.0,Others,Wednesday
2026-04-15,4:22 PM,Received from Sweet Home,T2604151621586383095582,received,20000.0,Others,Wednesday
2026-04-15,11:06 AM,Mobile recharged 9618314970,NB26041511064721622743352,paid,33.0,Recharge,Wednesday
2026-04-14,9:15 PM,Paid to SRI BALAJI CHAT BHANDAR,T2604142115135320713147,paid,75.0,Others,Tuesday
2026-04-14,6:18 PM,Paid to Settipalle  Sailaja,T2604141818565556394145,paid,40.0,Others,Tuesday
2026-04-14,5:57 PM,Received from N BABU,T2604141757348264135740,received,150.0,Others,Tuesday
2026-04-13,3:39 PM,Received from N BABU,T2604131539438165142846,received,150.0,Others,Monday
2026-04-08,1:47 PM,Paid to Lucky juice cornor and cafe,T2604081347097164468986,paid,10.0,Food,Wednesday
2026-04-08,9:11 AM,Paid to Mahendra juice,T2604080911153465263458,paid,30.0,Others,Wednesday
2026-04-08,9:08 AM,Paid to Sri sai stores 22,T2604080908288473585949,paid,12.0,Others,Wednesday
2026-04-08,8:47 AM,Paid to Ms GOWTHAMI  MULAKALACHERUVU,T2604080847078246504113,paid,1000.0,Others,Wednesday
2026-04-08,8:36 AM,Received from Srilekha,T2604080836442169201660,received,100.0,Others,Wednesday
2026-04-07,2:04 PM,Paid to C Revathi,T2604071404169080599216,paid,20.0,Others,Tuesday
2026-04-07,11:47 AM,Received from Sweet Home,T2604071146586271268888,received,500.0,Others,Tuesday
2026-04-06,4:56 PM,Paid to PASYAM  NARASIMHULU,T2604061655576873025427,paid,40.0,Others,Monday
2026-04-06,4:50 PM,Paid to Narayana Cool Drinks Shop,T2604061650272565437567,paid,50.0,Others,Monday
2026-04-05,10:01 PM,Mobile recharged 9701731609,NB26040522005922387522182,paid,19.0,Recharge,Sunday
2026-04-05,8:03 PM,Paid to National Institute Of Science Education And Resear,T2604052003545967373128,paid,700.0,Education,Sunday
2026-04-05,2:32 PM,Paid to M Jayamma,T2604051432350233270688,paid,90.0,Others,Sunday
2026-04-05,2:27 PM,Paid to G Sanjay,T2604051427320803324705,paid,40.0,Others,Sunday
2026-04-05,7:38 AM,Received from Mr Mulakalacheruvu Prathap Kumar,T2604050738416949157600,received,1000.0,Others,Sunday
2026-04-04,6:43 PM,Paid to FNP CAKES-1,T2604041843285530751017,paid,160.0,Others,Saturday
2026-04-02,10:42 PM,Payment to JioHotstar,OMO2604012242273186854364V,paid,149.0,Entertainment,Thursday
2026-04-02,7:58 PM,Paid to C Giri,T2604021958349383216824,paid,30.0,Others,Thursday
2026-04-01,9:06 PM,Paid to Zudio,T2604012106149092460169,paid,199.0,Others,Wednesday
2026-04-01,6:29 PM,Paid to V M RAJESH,T2604011829213578649460,paid,55.0,Others,Wednesday
2026-04-01,6:22 PM,Paid to Dhoniparthi Prem Sai,T2604011822037377375632,paid,40.0,Others,Wednesday
2026-04-01,6:21 PM,Paid to N Divakar,T2604011821144631656694,paid,105.0,Others,Wednesday
2026-03-31,10:59 PM,Received from Mr Mulakalacheruvu Prathap Kumar,T2603312259262163122018,received,1000.0,Others,Tuesday
2026-03-31,4:47 PM,Paid to SK Mahaboob Bhasha,T2603311647248942881155,paid,40.0,Others,Tuesday
2026-03-31,4:46 PM,Paid to Balaji bakery,T2603311646303752205108,paid,30.0,Food,Tuesday
2026-03-30,4:49 PM,Paid to Narayana Cool Drinks Shop,T2603301649532131584338,paid,50.0,Others,Monday
2026-03-29,6:07 PM,Paid to SK Mahaboob Bhasha,T2603291807310518192190,paid,40.0,Others,Sunday
2026-03-28,8:34 PM,Paid to Swiggy Ltd,T2603282033561597208369,paid,171.0,Food,Saturday
2026-03-27,6:39 PM,Paid to S  ASHIF BASHA,T2603271839124160471534,paid,500.0,Others,Friday
2026-03-27,6:38 PM,Received from Marva💫,T2603271838007221541508,received,500.0,Others,Friday
2026-03-26,3:09 PM,Paid to C Giri,T2603261508575302518177,paid,40.0,Others,Thursday
2026-03-26,12:43 PM,Paid to Savarni🤩,T2603261243029250112240,paid,60.0,Others,Thursday
2026-03-25,8:12 PM,Paid to Mr Ashok Pandith,T2603252012028678033639,paid,100.0,Others,Wednesday
2026-03-25,8:05 PM,Paid to PALLAPU LAVANYA,T2603252005318248778983,paid,80.0,Others,Wednesday
2026-03-25,5:29 PM,Paid to Shilparamam Tirupati,T2603251729417950451310,paid,60.0,Others,Wednesday
2026-03-25,5:19 PM,Paid to Burus Nageswara Rao,T2603251719007667169449,paid,10.0,Others,Wednesday
2026-03-24,8:57 PM,Paid to Manoj Gupta snacks center,T2603242057359971319642,paid,60.0,Others,Tuesday
2026-03-24,8:29 PM,Paid to SEVEN ELEVEN BEAUTY SHOP,T2603242028595815122261,paid,50.0,Others,Tuesday
2026-03-23,7:43 PM,Paid to CHENNURU MANJULA DEEPTHI RANI,T2603231943516998574839,paid,89.0,Others,Monday
2026-03-23,3:16 PM,Paid to Sri Chennai Bakery 1,T2603231516423449493760,paid,230.0,Food,Monday
2026-03-23,3:03 PM,Paid to Nagindlu Rudhra Reddy,T2603231503356458726396,paid,60.0,Others,Monday
2026-03-23,3:03 PM,Paid to Nagindlu Rudhra Reddy,T2603231503141372331803,paid,50.0,Others,Monday
2026-03-23,3:00 PM,Paid to RELIANCE TRENDS,T2603231500207445561381,paid,609.0,Shopping,Monday
2026-03-22,11:16 AM,Received from Amma😍,T2603221116037525597991,received,1000.0,Others,Sunday
2026-03-21,10:35 AM,Paid to Flipkart,T2603211035088214479612,paid,847.0,Shopping,Saturday
2026-03-21,10:34 AM,Received from Mr Mulakalacheruvu Prathap Kumar,T2603211034333732518604,received,850.0,Others,Saturday
2026-03-19,4:22 PM,Paid to AYYAPPA COLLCETION,T2603191622333579863585,paid,1430.0,Others,Thursday
2026-03-18,1:54 PM,Paid to •Jaswitha,T2603181354070300743461,paid,1300.0,Others,Wednesday
2026-03-17,6:08 PM,Paid to Pg,T2603171808110312972610,paid,4600.0,Others,Tuesday
2026-03-17,5:01 PM,Paid to Alluru Rohith Kumar,T2603171700069307415529,paid,60.0,Others,Tuesday
2026-03-17,4:38 PM,Paid to AVENUE FOOD PLAZA PVT LTD,T2603171638366539153528,paid,20.0,Food,Tuesday
2026-03-17,4:38 PM,Paid to AVENUE FOOD PLAZA PVT LTD,T2603171638076139787050,paid,20.0,Food,Tuesday
2026-03-17,4:32 PM,Paid to AVENUE SUPERMARTS LIMITED,T2603171632142476483726,paid,915.0,Others,Tuesday
2026-03-17,1:52 PM,Received from Srilekha,T2603171352069673861089,received,1300.0,Others,Tuesday
2026-03-17,1:41 PM,Paid to Srilekha,T2603171341234090084284,paid,1300.0,Others,Tuesday
2026-03-17,12:55 PM,Paid to Anusha,T2603171255375857681621,paid,200.0,Others,Tuesday
2026-03-17,12:37 PM,Paid to SVC STALL,T2603171237118243250138,paid,40.0,Others,Tuesday
2026-03-16,9:03 PM,Paid to SWIGGY,T2603162102573328076623,paid,170.0,Food,Monday
2026-03-16,3:31 PM,Paid to C Giri,T2603161531335851156621,paid,60.0,Others,Monday
2026-03-14,9:35 PM,Mobile recharged 9398971980,NB26031421352804443738382,paid,353.0,Recharge,Saturday
2026-03-14,9:17 PM,Paid to SK Mahaboob Bhasha,T2603142117265184946651,paid,40.0,Others,Saturday
2026-03-14,9:16 PM,Paid to Balaji bakery,T2603142116297946950162,paid,140.0,Food,Saturday
2026-03-14,8:43 PM,Paid to Manoj Gupta snacks center,T2603142043315222431791,paid,40.0,Others,Saturday
2026-03-13,1:42 PM,Paid to Lucky juice cornor and cafe,T2603131342305476308303,paid,90.0,Food,Friday
2026-03-13,12:01 PM,Paid to Mahendra juice,T2603131201081645822360,paid,30.0,Others,Friday
2026-03-12,11:39 AM,Paid to M KUSUMA KUMARI,T2603121139405941236115,paid,10.0,Others,Thursday
2026-03-11,1:15 PM,Paid to Akilesh K L,T2603111315351398040768,paid,100.0,Others,Wednesday
2026-03-11,8:57 AM,Paid to E Kavamma,T2603110857126831146140,paid,20.0,Others,Wednesday
2026-03-11,8:56 AM,Paid to E Kavamma,T2603110856430893260932,paid,50.0,Others,Wednesday
2026-03-10,4:47 PM,Paid to C Giri,T2603101647073107826011,paid,140.0,Others,Tuesday
2026-03-09,5:16 PM,Paid to IFTAR BIRYANI,T2603091716029622702019,paid,100.0,Food,Monday
2026-03-09,12:46 PM,Paid to MAHENDRA YADAV,T2603091246274165282857,paid,30.0,Others,Monday
2026-03-09,12:41 PM,Paid to SVCOLLEGES,T2603091241057707680523,paid,15144.0,Education,Monday
2026-03-09,12:39 PM,Paid to SVCOLLEGES,T2603091239503332532402,paid,43560.0,Education,Monday
2026-03-08,7:43 PM,Paid to SK Mahaboob Bhasha,T2603081943133035568193,paid,40.0,Others,Sunday
2026-03-08,7:04 PM,Paid to The cocoa craft,T2603081904377628562027,paid,198.0,Others,Sunday
2026-03-08,6:39 PM,Mobile recharged 9701731609,NB26030818394311780136732,paid,19.0,Recharge,Sunday
2026-03-08,6:05 PM,Paid to J VENKATA RAMANA,T2603081805433296280396,paid,40.0,Others,Sunday
2026-03-05,10:32 AM,Paid to Ms GOWTHAMI  MULAKALACHERUVU,T2603051032525032871578,paid,1000.0,Others,Thursday
2026-03-05,9:49 AM,Received from Sweet Home,T2603050949038592277277,received,2000.0,Others,Thursday
2026-03-04,9:30 PM,Paid to G Sanjay,T2603042130416546782142,paid,40.0,Others,Wednesday
2026-03-04,9:26 PM,Paid to NAGALAPURAM  KANNAIAH,T2603042126423984683070,paid,50.0,Others,Wednesday
2026-03-04,9:23 PM,Paid to K yavaraj,T2603042123116889195009,paid,100.0,Others,Wednesday
2026-03-04,5:57 PM,Paid to D Kaveri,T2603041757058083912000,paid,40.0,Others,Wednesday
2026-03-04,9:13 AM,Paid to Udhayasree,T2603040913509607756242,paid,60.0,Others,Wednesday
2026-03-03,6:47 PM,Paid to SWIGGY,T2603031846591235383400,paid,135.0,Food,Tuesday
2026-03-02,9:04 PM,Paid to Rajni Kumari,T2603022104390653897423,paid,35.0,Others,Monday
2026-03-02,8:30 PM,Paid to Thos,T2603022030194496022215,paid,90.0,Others,Monday
2026-03-02,8:08 PM,Paid to Buddigi Sathyanarayana,T2603022008427996559961,paid,10.0,Others,Monday
2026-03-02,8:07 PM,Paid to M V S BABU VARMA,T2603022007328957665823,paid,30.0,Others,Monday
2026-03-02,9:10 AM,Paid to Sri sai stores 22,T2603020910006093282924,paid,10.0,Others,Monday
2026-03-01,10:51 PM,Paid to PS4 Tirupati,T2603012251019184924361,paid,120.0,Others,Sunday
2026-02-28,5:27 PM,Paid to SK Mahaboob Bhasha,T2602281727275895575218,paid,40.0,Others,Saturday
2026-02-28,5:25 PM,Paid to Balaji bakery,T2602281725169181650689,paid,20.0,Food,Saturday
2026-02-28,5:21 PM,Paid to M Jayamma,T2602281721003339638541,paid,30.0,Others,Saturday
2026-02-28,5:14 PM,Paid to HARATHI FANCY STORE,T2602281714359536870657,paid,20.0,Others,Saturday
2026-02-28,9:11 AM,Paid to Mahendra juice,T2602280911297236741447,paid,30.0,Others,Saturday
2026-02-27,9:30 PM,Paid to Sobana Kmc,T2602272130269221856623,paid,500.0,Others,Friday
2026-02-27,6:00 PM,Received from Mr Mulakalacheruvu Prathap Kumar,T2602271800458901449620,received,500.0,Others,Friday
2026-02-27,5:30 PM,Paid to C Giri,T2602271730349454175132,paid,150.0,Others,Friday
2026-02-27,5:24 PM,Paid to M KUSUMA KUMARI,T2602271724519208931339,paid,80.0,Others,Friday
2026-02-27,3:09 PM,Paid to MAHENDRA YADAV,T2602271509488359762334,paid,30.0,Others,Friday
2026-02-26,5:17 PM,Paid to Mr Ashok Pandith,T2602261717157108544701,paid,50.0,Others,Thursday
2026-02-26,5:05 PM,Paid to Padma textiles,T2602261705412557112433,paid,350.0,Others,Thursday
2026-02-25,10:32 PM,Received from Amma😍,T2602252232489812803575,received,500.0,Others,Wednesday
2026-02-25,1:51 PM,Paid to Lucky juice cornor and cafe,T2602251350279523723933,paid,120.0,Food,Wednesday
2026-02-25,1:47 PM,Paid to SK Mahaboob Bhasha,T2602251346586991597283,paid,40.0,Others,Wednesday
2026-02-25,1:44 PM,Paid to G Sanjay,T2602251344188578154013,paid,60.0,Others,Wednesday
2026-02-25,1:36 PM,Paid to Sivam ice cream,T2602251336150617760809,paid,85.0,Others,Wednesday
2026-02-24,5:20 PM,Paid to Narayana Cool Drinks Shop,T2602241720288593590069,paid,90.0,Others,Tuesday
2026-02-23,3:35 PM,Received from Sweet Home,T2602231535292207746496,received,1000.0,Others,Monday
2026-02-22,11:13 PM,Paid to SWIGGY,T2602222313280309897281,paid,161.0,Food,Sunday
2026-02-22,11:06 PM,Paid to Swiggy,T2602222306198613697595,paid,160.0,Food,Sunday
2026-02-22,6:01 PM,Paid to Purplle,T2602221801485633487148,paid,370.0,Others,Sunday
2026-02-22,9:55 AM,Paid to ASTROTALK SERVICES PRIVATE LIMITED,T2602220955209697739605,paid,11.81,Others,Sunday
2026-02-21,5:43 PM,Paid to Swiggy Ltd,T2602211743553544579520,paid,179.0,Food,Saturday
2026-02-21,4:45 PM,Paid to E Kavamma,T2602211645498545854083,paid,50.0,Others,Saturday
2026-02-21,2:07 PM,Paid to SVC STALL,T2602211407082131895412,paid,60.0,Others,Saturday
2026-02-20,5:04 PM,Paid to PASYAM  NARASIMHULU,T2602201704124228545591,paid,60.0,Others,Friday
2026-02-20,4:07 PM,Paid to MAHENDRA YADAV,T2602201607070301895812,paid,40.0,Others,Friday
2026-02-19,5:22 PM,Paid to Mr Ashok Pandith,T2602191722066606073683,paid,50.0,Others,Thursday
2026-02-19,5:21 PM,Paid to BESTER SELECTION,T2602191721229800664481,paid,130.0,Others,Thursday
2026-02-19,5:02 PM,Paid to B  Rajeswari,T2602191702025263099478,paid,40.0,Others,Thursday
2026-02-19,4:19 PM,Paid to MAHENDRA YADAV,T2602191619259762898209,paid,40.0,Others,Thursday
2026-02-19,2:01 PM,Paid to SVC STALL,T2602191401303162412779,paid,20.0,Others,Thursday
2026-02-19,1:37 PM,Paid to C Revathi,T2602191337042965804165,paid,20.0,Others,Thursday
2026-02-18,1:41 PM,Paid to E Kavamma,T2602181341242453463503,paid,80.0,Others,Wednesday
2026-02-17,5:22 PM,Paid to SHAIK NOORJAHAN,T2602171722372017558884,paid,40.0,Others,Tuesday
2026-02-17,5:19 PM,Paid to Mr Ashok Pandith,T2602171719358528838676,paid,100.0,Others,Tuesday
2026-02-17,5:16 PM,Paid to MADARBEE DUDEKULA,T2602171716448155274913,paid,40.0,Others,Tuesday
2026-02-16,2:27 PM,Paid to Pg,T2602161427401649054953,paid,4500.0,Others,Monday
2026-02-16,1:40 PM,Paid to Akilesh K L,T2602161340018364884900,paid,150.0,Others,Monday
2026-02-16,12:40 PM,Received from Sweet Home,T2602161240524198159183,received,2500.0,Others,Monday
2026-02-16,12:39 PM,Received from Mr Mulakalacheruvu Prathap Kumar,T2602161239242805219730,received,2500.0,Others,Monday
2026-02-15,11:34 AM,Paid to Harsha fruits,T2602151134508974473431,paid,40.0,Others,Sunday
2026-02-15,11:34 AM,Paid to Harsha fruits,T2602151134044397402303,paid,30.0,Others,Sunday
2026-02-14,6:11 PM,Paid to SWIGGY,T2602141811105914364114,paid,179.0,Food,Saturday
2026-02-13,9:40 PM,Paid to AASHEESH KUSHWAHA,T2602132140377819693549,paid,40.0,Others,Friday
2026-02-13,9:09 PM,Paid to ADHI LAKSHMI FRUITS,T2602132109141493735652,paid,10.0,Others,Friday
2026-02-13,6:17 PM,Mobile recharged 9398971980,NB26021318172263204189872,paid,352.0,Recharge,Friday
2026-02-13,1:05 PM,Paid to Amaravaathi medical and fancy,T2602131305202121800682,paid,5.0,Health,Friday
2026-02-13,1:03 PM,Paid to M S SRI SAI MEDICAL STORE,T2602131303380508730239,paid,10.0,Health,Friday
2026-02-13,12:57 PM,Paid to M KUSUMA KUMARI,T2602131257366949288732,paid,30.0,Others,Friday
2026-02-13,11:39 AM,Paid to SURENDRA  RAMISETTY,T2602131139260125953174,paid,175.0,Others,Friday
2026-02-12,9:37 PM,Mobile recharged 9701731609,NB26021221373604488495052,paid,19.0,Recharge,Thursday
2026-02-12,6:18 PM,Paid to M  TEJASWINI,T2602121818508512476750,paid,40.0,Others,Thursday
2026-02-12,5:56 PM,Paid to M THULASI,T2602121756352217170708,paid,40.0,Others,Thursday
2026-02-12,12:23 PM,Received from Marva💫,T2602121223475367678469,received,40.0,Others,Thursday
2026-02-12,12:23 PM,Paid to P  SUNITHA,T2602121222595349197300,paid,160.0,Others,Thursday
2026-02-12,9:12 AM,Paid to Mahendra juice,T2602120912548021757236,paid,30.0,Others,Thursday
2026-02-11,5:43 PM,Paid to SK Mahaboob Bhasha,T2602111743556271408154,paid,40.0,Others,Wednesday
2026-02-11,5:38 PM,Paid to Sivam ice cream,T2602111738428252680310,paid,85.0,Others,Wednesday
2026-02-11,5:37 PM,Paid to VENKATARAM REDDY FRUITS,T2602111737196785225795,paid,20.0,Others,Wednesday
2026-02-11,4:30 PM,Paid to SVCOLLEGES,T2602111630176438295969,paid,42936.0,Education,Wednesday
2026-02-10,4:45 PM,Paid to CHANDRAMOHAN ONTIPALLI,T2602101644597994739560,paid,40.0,Others,Tuesday
2026-02-10,12:25 PM,Paid to SVC STALL,T2602101224556435487247,paid,25.0,Others,Tuesday
2026-02-09,5:16 PM,Paid to V VANI SREE,T2602091716264345496049,paid,40.0,Others,Monday
2026-02-09,4:36 PM,Paid to Zudio,T2602091636367174777830,paid,578.0,Others,Monday
2026-02-09,3:43 PM,Paid to RELIANCE TRENDS,T2602091543432323533976,paid,292.5,Shopping,Monday
2026-02-09,3:40 PM,Paid to RELIANCE TRENDS,T2602091540087977217420,paid,1296.0,Shopping,Monday
2026-02-09,12:24 PM,Received from Sweet Home,T2602091224138997994267,received,2500.0,Others,Monday
2026-02-08,7:03 PM,Paid to VIVEK  KUMAR,T2602081903424770432338,paid,70.0,Others,Sunday
2026-02-08,1:17 PM,Paid to A ARUN  KUMAR,T2602081317034574695921,paid,20.0,Others,Sunday
2026-02-07,7:29 PM,Paid to M KUSUMA KUMARI,T2602071929158979104827,paid,30.0,Others,Saturday
2026-02-07,7:23 PM,Paid to Aasheesh Kushwaha,T2602071923067340888088,paid,60.0,Others,Saturday
2026-02-06,5:00 PM,Paid to PASYAM  NARASIMHULU,T2602061700016237386120,paid,60.0,Others,Friday
2026-02-06,8:47 AM,Paid to PASYAM  NARASIMHULU,T2602060847023405202902,paid,10.0,Others,Friday
2026-02-05,6:21 PM,Received from N BABU,T2602051821595915456607,received,260.0,Others,Thursday
2026-02-05,5:46 PM,Paid to AVENUE SUPERMARTS LTD,T2602051746339660918682,paid,209.0,Others,Thursday
2026-02-05,1:07 PM,Paid to NAVANEETHA K L,T2602051307111000399221,paid,25.0,Others,Thursday
2026-02-05,8:35 AM,Paid to Narasimha Provisions,T2602050835220680160518,paid,30.0,Others,Thursday
2026-02-04,9:40 PM,Paid to Md Shakib Jiya,T2602042140191336839679,paid,180.0,Others,Wednesday
2026-02-04,8:39 AM,Paid to C Giri,T2602040839445223927690,paid,20.0,Others,Wednesday
2026-02-03,4:54 PM,Paid to Akilesh K L,T2602031654372718991592,paid,200.0,Others,Tuesday
2026-02-03,12:44 PM,Paid to Ms GOWTHAMI  MULAKALACHERUVU,T2602031244474548690448,paid,1000.0,Others,Tuesday
2026-02-02,5:05 PM,Paid to Aasheesh Kushwaha,T2602021705571349118614,paid,40.0,Others,Monday
2026-02-02,4:55 PM,Paid to Sivam ice cream,T2602021654580541899862,paid,85.0,Others,Monday
2026-02-02,12:47 PM,Paid to SVC STALL,T2602021247127314757193,paid,20.0,Others,Monday
2026-02-01,3:20 PM,Received from Mr Mulakalacheruvu Prathap Kumar,T2602011520572553667606,received,1500.0,Others,Sunday
2026-01-31,5:08 PM,Paid to CHANDRAMOHAN ONTIPALLI,T2601311708254225984310,paid,25.0,Others,Saturday
2026-01-31,9:12 AM,Paid to Mahendra juice,T2601310912321115826304,paid,40.0,Others,Saturday
2026-01-30,10:26 PM,Paid to SBIMOPS,T2601302226057077412124,paid,1500.0,Others,Friday
2026-01-30,6:54 PM,Paid to SRI BALAJI TRADERS COTTON WORLD,T2601301854125497635628,paid,360.0,Others,Friday
2026-01-30,6:40 PM,Paid to Mr Ashok Pandith,T2601301840566974658669,paid,40.0,Others,Friday
2026-01-30,6:29 PM,Paid to AASHEESH KUSHWAHA,T2601301829323181768767,paid,40.0,Others,Friday
2026-01-30,4:58 PM,Paid to Srinivasa Super Fruit mix,T2601301658165337558114,paid,20.0,Others,Friday
2026-01-30,8:45 AM,Paid to Lucky juice cornor and cafe,T2601300845508300715480,paid,10.0,Food,Friday
2026-01-29,12:44 PM,Paid to Mahendra juice,T2601291244406460029566,paid,10.0,Others,Thursday
2026-01-29,12:42 PM,Paid to MAHENDRA YADAV,T2601291242481936353758,paid,30.0,Others,Thursday
2026-01-27,5:00 PM,Paid to S HASEENA,T2601271700272407557976,paid,10.0,Others,Tuesday
2026-01-27,4:57 PM,Paid to MADARBEE DUDEKULA,T2601271657456266765508,paid,100.0,Others,Tuesday
2026-01-27,12:43 PM,Paid to SVC STALL,T2601271243127668916170,paid,25.0,Others,Tuesday
2026-01-26,11:47 AM,Paid to Swiggy,T2601261147167111967788,paid,179.0,Food,Monday
2026-01-22,9:35 PM,Received from Sahithi,T2601222135337021671802,received,120.0,Others,Thursday
2026-01-22,9:06 PM,Paid to Wafella Mahila University,T2601222106048481176302,paid,140.0,Education,Thursday
2026-01-21,2:27 PM,Paid to VIJAYAKUMAR GUNJI,T2601211427323962127128,paid,35.0,Others,Wednesday
2026-01-21,1:54 PM,Paid to Pg,T2601211354237446443504,paid,4200.0,Others,Wednesday
2026-01-20,10:52 AM,Paid to Hotel Sastri bhavan,T2601201052513728071868,paid,30.0,Others,Tuesday
2026-01-19,4:15 PM,Paid to S GIRI BABU,T2601191615001727081237,paid,20.0,Others,Monday
2026-01-19,12:42 PM,Paid to SVC STALL,T2601191242236282025356,paid,45.0,Others,Monday
2026-01-18,7:19 PM,Paid to E SUDHAKAR,T2601181919016698506981,paid,15.0,Others,Sunday
2026-01-18,10:46 AM,Received from Mr Mulakalacheruvu Prathap Kumar,T2601181046354391156840,received,5000.0,Others,Sunday
2026-01-17,8:06 AM,Cashback from PhonePe,T2601170806199945458941,received,2.0,Others,Saturday
2026-01-17,8:06 AM,Cashback from PhonePe,T2601170806070748516008,received,1.0,Others,Saturday
2026-01-17,8:05 AM,Cashback from PhonePe,T2601170805580991710347,received,1.5,Others,Saturday
2026-01-17,8:05 AM,Cashback from PhonePe,T2601170805509379254759,received,2.5,Others,Saturday
2026-01-17,8:05 AM,Cashback from PhonePe,T2601170805432829254922,received,1.5,Others,Saturday
2026-01-17,8:05 AM,Cashback from PhonePe,T2601170805361718326294,received,1.0,Others,Saturday
2026-01-17,8:05 AM,Cashback from PhonePe,T2601170805293665890983,received,1.0,Others,Saturday
2026-01-15,5:53 PM,Paid to BABA FAKRUDDIN  SHAI,T2601151753121938407407,paid,100.0,Others,Thursday
2026-01-14,6:08 PM,Received from Mr Mulakalacheruvu Prathap Kumar,T2601141808445635935202,received,900.0,Others,Wednesday
2026-01-14,5:43 PM,Mobile recharged 6305002511,NB26011417435211223200432,paid,904.0,Recharge,Wednesday
2026-01-09,7:49 PM,Paid to Sivam ice cream,T2601091949015511163254,paid,85.0,Others,Friday
2026-01-09,12:56 PM,Paid to C Revathi,T2601091256475984964459,paid,20.0,Others,Friday
2026-01-08,8:02 PM,Paid to K KHAIRUN BEE,T2601082002274613196993,paid,1000.0,Others,Thursday
2026-01-08,4:54 PM,Paid to CHANDRAMOHAN ONTIPALLI,T2601081654505803294983,paid,20.0,Others,Thursday
2026-01-07,4:17 PM,Paid to SVC STALL,T2601071617520879374792,paid,40.0,Others,Wednesday
2026-01-07,4:11 PM,Paid to SVC STALL,T2601071611018095664397,paid,40.0,Others,Wednesday
2026-01-06,10:39 PM,Received from Ms GOWTHAMI  MULAKALACHERUVU,T2601062239077575897121,received,4000.0,Others,Tuesday
2026-01-06,8:02 PM,Paid to Ms GOWTHAMI  MULAKALACHERUVU,T2601062002524393538918,paid,1000.0,Others,Tuesday
2026-01-06,7:57 PM,Received from Sweet Home,T2601061957315074920029,received,500.0,Others,Tuesday
2026-01-06,7:48 PM,Received from Mr Mulakalacheruvu Prathap Kumar,T2601061948410499311477,received,500.0,Others,Tuesday
2026-01-05,4:55 PM,Paid to Craving?s HYDERABADI BIRYANI 01,T2601051655324206919141,paid,100.0,Food,Monday
2026-01-05,4:01 PM,Paid to Sri sai stores 22,T2601051601436844176444,paid,70.0,Others,Monday
2026-01-05,11:09 AM,Cashback from PhonePe,T2601051109486835813885,received,1.0,Others,Monday
2026-01-05,11:09 AM,Cashback from PhonePe,T2601051109294948383914,received,1.0,Others,Monday
2026-01-05,11:09 AM,Cashback from PhonePe,T2601051109146692198483,received,1.0,Others,Monday
2026-01-05,11:08 AM,Cashback from PhonePe,T2601051108584157867306,received,1.5,Others,Monday
2026-01-05,11:08 AM,Cashback from PhonePe,T2601051108501601373140,received,1.0,Others,Monday
2026-01-02,4:38 PM,Paid to D ESWARA REDDY,T2601021638379011493389,paid,65.0,Others,Friday
2026-01-02,4:33 PM,Paid to HARATHI FANCY STORE,T2601021633046281435870,paid,55.0,Others,Friday
2026-01-02,1:11 PM,Paid to Mahendra juice,T2601021311105028810807,paid,20.0,Others,Friday
2026-01-02,9:55 AM,Received from Shifa,T2601020955317680862152,received,10.0,Others,Friday
2026-01-02,9:55 AM,Paid to Shifa,T2601020955048315820191,paid,45.0,Others,Friday
2026-01-01,10:27 PM,Payment to JioHotstar,OM2512311255582436560182W,paid,149.0,Entertainment,Thursday
2026-01-01,5:15 PM,Paid to Hotel Garudadhri,T2601011715296123847594,paid,250.0,Others,Thursday
2026-01-01,3:02 PM,Mobile recharged 9701731609,NB26010115015965313726492,paid,19.0,Recharge,Thursday
2026-01-01,2:34 PM,Paid to SS ENTERPRISES,T2601011434486527818180,paid,30.0,Others,Thursday
2026-01-01,2:31 PM,Paid to SS ENTERPRISES,T2601011431237537324088,paid,100.0,Others,Thursday
2026-01-01,11:24 AM,Received from Mr Mulakalacheruvu Prathap Kumar,T2601011124386580676805,received,500.0,Others,Thursday
2025-12-31,1:25 PM,Cashback from PhonePe,T2512311325240292224392,received,1.0,Others,Wednesday
2025-12-31,1:25 PM,Cashback from PhonePe,T2512311325094743242236,received,1.5,Others,Wednesday
2025-12-31,1:25 PM,Cashback from PhonePe,T2512311325023254855785,received,1.0,Others,Wednesday
2025-12-31,1:24 PM,Cashback from PhonePe,T2512311324558468336949,received,1.0,Others,Wednesday
2025-12-31,1:24 PM,Cashback from PhonePe,T2512311324495255375405,received,3.0,Others,Wednesday
2025-12-31,1:24 PM,Mobile recharged 9618314970,NB25123113242795950348032,paid,302.0,Recharge,Wednesday
2025-12-30,4:20 PM,Paid to S HASEENA,T2512301620142663446337,paid,25.0,Others,Tuesday
2025-12-30,1:06 PM,Paid to MAHENDRA YADAV,T2512301305582946782392,paid,40.0,Others,Tuesday
2025-12-30,12:27 PM,Received from Sweet Home,T2512301227397578383801,received,1000.0,Others,Tuesday
2025-12-28,2:15 PM,Received from Sweet Home,T2512281415475553632931,received,100.0,Others,Sunday
2025-12-28,2:00 PM,Mobile recharged 9701731609,NB25122814005580225715362,paid,19.0,Recharge,Sunday
2025-12-28,1:59 PM,Received from Sweet Home,T2512281358566691943970,received,30.0,Others,Sunday
2025-12-28,12:41 PM,Paid to Sweet Home,T2512281241451501380287,paid,30.0,Others,Sunday
2025-12-28,12:40 PM,Received from Srilekha,T2512281240030997921467,received,30.0,Others,Sunday
2025-12-26,7:13 PM,Mobile recharged 9701731609,NB25122619135028625714392,paid,19.0,Recharge,Friday
2025-12-23,9:42 PM,Mobile recharged 9701731609,NB25122321420823229525452,paid,19.0,Recharge,Tuesday
2025-12-23,1:26 PM,Paid to Vyshnavi,T2512231325587375890880,paid,35.0,Others,Tuesday
2025-12-23,12:00 PM,Paid to Lasya🌟,T2512231200482665279782,paid,50.0,Others,Tuesday
2025-12-21,8:25 PM,Mobile recharged 9701731609,NB25122120245796738500082,paid,19.0,Recharge,Sunday
2025-12-21,4:51 PM,Cashback from PhonePe,T2512211651014928425618,received,4.0,Others,Sunday
2025-12-21,4:50 PM,Cashback from PhonePe,T2512211650543329685678,received,2.0,Others,Sunday
2025-12-21,4:50 PM,Cashback from PhonePe,T2512211650475990389102,received,3.0,Others,Sunday
2025-12-21,4:50 PM,Cashback from PhonePe,T2512211650405797360641,received,3.0,Others,Sunday
2025-12-21,4:50 PM,Cashback from PhonePe,T2512211650333005697819,received,4.0,Others,Sunday
2025-12-21,4:50 PM,Cashback from PhonePe,T2512211650252717312639,received,3.0,Others,Sunday
2025-12-21,4:50 PM,Cashback from PhonePe,T2512211650182231731535,received,2.5,Others,Sunday
2025-12-21,4:50 PM,Cashback from PhonePe,T2512211650113643367874,received,4.0,Others,Sunday
2025-12-21,4:50 PM,Cashback from PhonePe,T2512211650043064859860,received,2.5,Others,Sunday
2025-12-21,4:49 PM,Cashback from PhonePe,T2512211649572169685735,received,2.5,Others,Sunday
2025-12-21,4:49 PM,Cashback from PhonePe,T2512211649503841674484,received,4.0,Others,Sunday
2025-12-21,4:49 PM,Cashback from PhonePe,T2512211649436964201021,received,1.5,Others,Sunday
2025-12-21,4:49 PM,Cashback from PhonePe,T2512211649366058037281,received,1.5,Others,Sunday
2025-12-21,4:49 PM,Cashback from PhonePe,T2512211649298489685581,received,3.0,Others,Sunday
2025-12-21,4:49 PM,Cashback from PhonePe,T2512211649224511453128,received,2.5,Others,Sunday
2025-12-21,4:49 PM,Cashback from PhonePe,T2512211649152735113825,received,2.0,Others,Sunday
2025-12-21,4:49 PM,Cashback from PhonePe,T2512211649086241314164,received,1.5,Others,Sunday
2025-12-21,4:49 PM,Cashback from PhonePe,T2512211649016196113831,received,1.5,Others,Sunday
2025-12-21,4:48 PM,Cashback from PhonePe,T2512211648550927537914,received,2.5,Others,Sunday
2025-12-21,4:48 PM,Cashback from PhonePe,T2512211648481016379036,received,1.5,Others,Sunday
2025-12-21,4:48 PM,Cashback from PhonePe,T2512211648403355528711,received,2.0,Others,Sunday
2025-12-21,4:48 PM,Cashback from PhonePe,T2512211648319509784639,received,1.0,Others,Sunday
2025-12-21,4:48 PM,Cashback from PhonePe,T2512211648249110537768,received,4.0,Others,Sunday
2025-12-21,4:48 PM,Cashback from PhonePe,T2512211648176253916231,received,1.0,Others,Sunday
2025-12-21,4:48 PM,Cashback from PhonePe,T2512211648101835433642,received,1.0,Others,Sunday
2025-12-21,4:41 PM,Paid to GANGULAPPA  MUSTURU,T2512211641290342034915,paid,150.0,Others,Sunday
2025-12-20,3:39 PM,Paid to ZOMATO,T2512201539286045526384,paid,187.71,Food,Saturday
2025-12-19,8:09 PM,Mobile recharged 9701731609,NB25121920095401197874512,paid,19.0,Recharge,Friday
2025-12-18,11:52 AM,Received from MEESHO TECHNOLOGIES PRIVATE LIMITED,T2512181152174811085463,received,475.0,Shopping,Thursday
2025-12-18,10:15 AM,Mobile recharged 9398971980,NB25121810150590431510952,paid,352.0,Recharge,Thursday
2025-12-18,10:09 AM,Received from Srilekha,T2512181009465292984506,received,10.0,Others,Thursday
2025-12-18,10:08 AM,Received from Srilekha,T2512181008375240447743,received,10.0,Others,Thursday
2025-12-17,2:02 PM,Received from Srilekha,T2512171402066332246581,received,230.0,Others,Wednesday
2025-12-14,9:29 PM,Paid to VIKASH,T2512142129082859000004,paid,120.0,Others,Sunday
2025-12-14,6:26 PM,Received from Srilekha,T2512141826458339348580,received,100.0,Others,Sunday
2025-12-13,9:06 PM,Mobile recharged 9701731609,NB25121321064614103303562,paid,19.0,Recharge,Saturday
2025-12-12,1:48 PM,Paid to ZOMATO,T2512121348384465666895,paid,121.53,Food,Friday
2025-12-11,3:59 PM,Mobile recharged 9701731609,NB25121115595078867438682,paid,19.0,Recharge,Thursday
2025-12-09,7:15 PM,Paid to Koppu Ramanaiah shop,T2512091915385024442505,paid,10.0,Others,Tuesday
2025-12-09,1:44 PM,Paid to C Revathi,T2512091344217562245849,paid,110.0,Others,Tuesday
2025-12-09,1:01 PM,Paid to MAHENDRA YADAV,T2512091301319428057908,paid,30.0,Others,Tuesday
2025-12-08,8:23 PM,Received from Srilekha,T2512082023274129859792,received,180.0,Others,Monday
2025-12-08,8:22 PM,Paid to Swiggy Ltd,T2512082022384800393573,paid,381.0,Food,Monday
2025-12-07,10:34 PM,Paid to Sobana Kmc,T2512072234133859706419,paid,500.0,Others,Sunday
2025-12-07,7:44 PM,Received from Mr Mulakalacheruvu Prathap Kumar,T2512071944423230881517,received,500.0,Others,Sunday
2025-12-06,8:33 PM,Paid to THOS,T2512062033409376517365,paid,90.0,Others,Saturday
2025-12-06,6:44 PM,Paid to M Rajitha Sudha,T2512061844396683996403,paid,30.0,Others,Saturday
2025-12-06,5:28 PM,Paid to COTHAS COFFEE TIRUPATHI,T2512061728129050762779,paid,75.0,Food,Saturday
2025-12-05,1:55 PM,Paid to Mrs M Geetha,T2512051355380432918139,paid,10.0,Others,Friday
2025-12-05,1:46 PM,Paid to Balaji Bakery,T2512051346248352480172,paid,20.0,Food,Friday
2025-12-05,1:04 PM,Paid to MAHENDRA YADAV,T2512051304304305925478,paid,30.0,Others,Friday
2025-12-04,6:35 PM,Paid to Ms GOWTHAMI  MULAKALACHERUVU,T2512041833211237133823,paid,1000.0,Others,Thursday
2025-12-04,1:15 PM,Paid to Swiggy Ltd,T2512041315366784066523,paid,376.0,Food,Thursday
2025-12-04,11:40 AM,Received from Manasa Akka😊,T2512041140321291035977,received,2000.0,Others,Thursday
2025-12-04,10:58 AM,Paid to MEESHO TECHNOLOGIES PRIVATE LIMITED,T2512041058421698396682,paid,264.0,Shopping,Thursday
2025-12-03,6:58 PM,Paid to J Radha,T2512031854361802039290,paid,20.0,Others,Wednesday
2025-12-02,4:23 PM,Paid to LUCKY JUICE CORNER & CAFE,T2512021623099696921655,paid,80.0,Food,Tuesday
2025-12-01,11:38 PM,Received from Mr Mulakalacheruvu Prathap Kumar,T2512012338271022937235,received,300.0,Others,Monday
2025-12-01,9:22 PM,Paid to Sobana Kmc,T2512012122440449697645,paid,500.0,Others,Monday
2025-12-01,6:10 PM,Paid to Sivam ice cream,T2512011810138437661005,paid,85.0,Others,Monday
2025-12-01,4:54 PM,Paid to Gnanodhaya Chakri,T2512011654001901821496,paid,250.0,Others,Monday
2025-11-30,8:31 PM,Paid to MURIYA GUP CHUP,T2511302031168644989867,paid,80.0,Others,Sunday
2025-11-30,8:17 PM,Paid to TopTown Cakes,T2511302017439013412018,paid,100.0,Others,Sunday
2025-11-29,5:14 PM,Paid to MEESHO TECHNOLOGIES PRIVATE LIMITED,T2511291714249325259980,paid,255.0,Shopping,Saturday
2025-11-28,1:50 PM,Paid to Sivam ice cream,T2511281350393022444082,paid,85.0,Others,Friday
2025-11-28,1:12 PM,Paid to Sri sai stores 22,T2511281312282672244550,paid,25.0,Others,Friday
2025-11-26,1:45 PM,Paid to C Revathi,T2511261345546817255946,paid,20.0,Others,Wednesday
2025-11-26,1:42 PM,Paid to Craving?s HYDERABADI BIRYANI 01,T2511261342253251870464,paid,200.0,Food,Wednesday
2025-11-25,1:50 PM,Paid to Narayana Cool Drinks Shop,T2511251350127660612839,paid,70.0,Others,Tuesday
2025-11-25,1:46 PM,Paid to P Jyothi,T2511251346312577113887,paid,40.0,Others,Tuesday
2025-11-25,1:07 PM,Paid to MAHENDRA YADAV,T2511251307074994144007,paid,30.0,Others,Tuesday
2025-11-23,8:14 PM,Received from Mr Mulakalacheruvu Prathap Kumar,T2511232014268990870875,received,2000.0,Others,Sunday
2025-11-20,5:14 PM,Paid to SRINU TOYS,T2511201714422917472685,paid,30.0,Others,Thursday
2025-11-20,5:10 PM,Paid to DEVENDRA NAYAK,T2511201710122999463079,paid,20.0,Others,Thursday
2025-11-20,4:19 PM,Cashback from PhonePe,T2511201619080019463185,received,3.0,Others,Thursday
2025-11-20,4:19 PM,Cashback from PhonePe,T2511201619014053983458,received,1.5,Others,Thursday
2025-11-20,4:18 PM,Cashback from PhonePe,T2511201618549635971974,received,4.0,Others,Thursday
2025-11-20,4:18 PM,Cashback from PhonePe,T2511201618487824300894,received,1.5,Others,Thursday
2025-11-20,4:18 PM,Cashback from PhonePe,T2511201618423045033690,received,1.5,Others,Thursday
2025-11-20,4:17 PM,Paid to A BALAKRISHNA,T2511201617378044381470,paid,10.0,Others,Thursday
2025-11-20,4:16 PM,Cashback from PhonePe,T2511201616559638952792,received,3.0,Others,Thursday
2025-11-20,4:16 PM,Cashback from PhonePe,T2511201616497073983007,received,4.0,Others,Thursday
2025-11-20,4:16 PM,Cashback from PhonePe,T2511201616422024069918,received,1.5,Others,Thursday
2025-11-20,4:16 PM,Cashback from PhonePe,T2511201616345216259970,received,2.0,Others,Thursday
2025-11-20,4:16 PM,Cashback from PhonePe,T2511201616287673478706,received,1.0,Others,Thursday
2025-11-20,4:16 PM,Cashback from PhonePe,T2511201616223687594535,received,4.0,Others,Thursday
2025-11-20,4:16 PM,Cashback from PhonePe,T2511201616167562874644,received,2.0,Others,Thursday
2025-11-20,4:16 PM,Cashback from PhonePe,T2511201616106972621237,received,2.5,Others,Thursday
2025-11-20,4:15 PM,Paid to KANAKA MAHALAXMI BAGS,T2511201615373647892376,paid,50.0,Others,Thursday
2025-11-20,4:10 PM,Paid to Jaya Raman Fancy,T2511201610367928487269,paid,40.0,Others,Thursday
2025-11-20,2:25 PM,Paid to S CHANDRA SEKHAR RAJU,T2511201425229131731155,paid,40.0,Others,Thursday
2025-11-20,12:48 PM,Paid to Mr Ravi Saravana,T2511201248286778583600,paid,20.0,Others,Thursday
2025-11-20,12:31 PM,Paid to SAMANTHAVADA NARAYANA MALLIKA,T2511201231211719586536,paid,150.0,Shopping,Thursday
2025-11-20,12:03 PM,Paid to M Sudha,T2511201203006598863803,paid,50.0,Others,Thursday
2025-11-20,11:32 AM,Paid to KUMAR FRUITS,T2511201132012608529822,paid,30.0,Others,Thursday
2025-11-20,11:30 AM,Paid to ANITHA-1,T2511201130398612038213,paid,50.0,Others,Thursday
2025-11-19,10:46 PM,Mobile recharged 9701731609,NB25111922455711122052662,paid,19.0,Recharge,Wednesday
2025-11-19,9:27 PM,Received from Mr Mulakalacheruvu Prathap Kumar,T2511192127486631134515,received,500.0,Others,Wednesday
2025-11-19,3:18 PM,Paid to Vallepu Tirupathaiah,T2511191518033968103380,paid,20.0,Others,Wednesday
2025-11-18,3:44 PM,Paid to Sivam ice cream,T2511181544436318090332,paid,5.0,Others,Tuesday
2025-11-18,3:42 PM,Paid to Sivam ice cream,T2511181542258626939639,paid,80.0,Others,Tuesday
2025-11-18,3:41 PM,Paid to Balaji Bakery,T2511181541445085673166,paid,10.0,Food,Tuesday
2025-11-18,3:41 PM,Paid to Balaji Bakery,T2511181541198034670943,paid,30.0,Food,Tuesday
2025-11-15,11:54 AM,Paid to Pg,T2511151154196867037332,paid,3200.0,Others,Saturday
2025-11-13,9:23 PM,Paid to Md Shakib Jiya,T2511132123129076236932,paid,220.0,Others,Thursday
2025-11-11,6:54 PM,Mobile recharged 9701731609,NB25111118545279899833082,paid,19.0,Recharge,Tuesday
2025-11-11,11:06 AM,Paid to Sri sai stores 22,T2511111106098918822222,paid,20.0,Others,Tuesday
2025-11-10,12:01 PM,Paid to C Giri,T2511101201284832434079,paid,100.0,Others,Monday
2025-11-09,5:55 PM,Paid to ASIYA BEEVI EP,T2511091755298406423357,paid,200.0,Others,Sunday
2025-11-07,7:55 PM,Paid to Ms GOWTHAMI  MULAKALACHERUVU,T2511071955220482823989,paid,1000.0,Others,Friday
2025-11-07,3:11 PM,Paid to SRI VENKATESWARA COLLEGE OF ENGINEERING,T2511071511349871031118,paid,2159.3,Education,Friday
2025-11-07,2:36 PM,Received from Sweet Home,T2511071436356492308882,received,7000.0,Others,Friday
2025-11-07,2:33 PM,Received from Srilekha,T2511071433109260104093,received,100.0,Others,Friday
2025-11-05,10:59 AM,Paid to MAHENDRA YADAV,T2511051059556112418741,paid,30.0,Others,Wednesday
2025-11-03,4:20 PM,Paid to Sivam ice cream,T2511031620534802112405,paid,85.0,Others,Monday
2025-11-03,4:19 PM,Paid to Balaji Bakery,T2511031619076837762768,paid,80.0,Food,Monday
2025-11-03,9:40 AM,Paid to SVC STALL,T2511030940434900293103,paid,40.0,Others,Monday
2025-10-31,8:58 PM,Paid to SWIGGY,T2510312058526237411725,paid,184.0,Food,Friday
2025-10-31,8:26 PM,Mobile recharged 9701731609,NB25103120264432516689622,paid,19.0,Recharge,Friday
2025-10-31,5:54 PM,Paid to KPN FARM FRESH,T2510311754088840038831,paid,279.71,Others,Friday
2025-10-31,5:49 PM,Received from Sweet Home,T2510311748570813527243,received,500.0,Others,Friday
2025-10-31,3:31 PM,Paid to Sri sai stores 22,T2510311531110389189130,paid,30.0,Others,Friday
2025-10-31,1:10 PM,Paid to SVC STALL,T2510311310349446285370,paid,45.0,Others,Friday
2025-10-31,9:16 AM,Paid to MAHENDRA YADAV,T2510310916144177340998,paid,30.0,Others,Friday
2025-10-30,4:08 PM,Paid to M S SRI SAI MEDICAL STORE,T2510301608283072989505,paid,95.0,Health,Thursday
2025-10-30,3:29 PM,Paid to MAHENDRA YADAV,T2510301529045855811867,paid,40.0,Others,Thursday
2025-10-30,2:48 PM,Received from Marva💫,T2510301448092743516217,received,120.0,Others,Thursday
2025-10-30,1:16 PM,Paid to PASALA SUNITHA,T2510301316189052697876,paid,240.0,Others,Thursday
2025-10-29,4:05 PM,Paid to M Jyothi,T2510291605092049212709,paid,40.0,Others,Wednesday
2025-10-29,3:28 PM,Paid to Mr MUNI KUMAR K,T2510291528515658371853,paid,86.0,Others,Wednesday
2025-10-28,3:00 PM,Cashback from PhonePe,T2510281500313176116428,received,5.0,Others,Tuesday
2025-10-28,3:00 PM,Cashback from PhonePe,T2510281500237654698447,received,3.0,Others,Tuesday
2025-10-28,3:00 PM,Cashback from PhonePe,T2510281500156494472571,received,1.0,Others,Tuesday
2025-10-28,3:00 PM,Cashback from PhonePe,T2510281500071365101804,received,3.0,Others,Tuesday
2025-10-28,2:59 PM,Cashback from PhonePe,T2510281459163934231559,received,1.0,Others,Tuesday
2025-10-26,7:20 PM,Paid to VAKKALAKULA VISWANATH,T2510261920195176686345,paid,60.0,Others,Sunday
2025-10-26,6:52 PM,Paid to M S SRI SAI MEDICAL STORE,T2510261852418315769415,paid,15.0,Health,Sunday
2025-10-25,11:22 AM,Paid to Sivam ice cream,T2510251122062059838965,paid,85.0,Others,Saturday
2025-10-25,11:21 AM,Paid to Balaji Bakery,T2510251121239722332975,paid,20.0,Food,Saturday
2025-10-25,11:19 AM,Received from Ya,T2510251119293795371410,received,50.0,Others,Saturday
2025-10-25,11:17 AM,Paid to Mahmood basha auto service,T2510251117195877203499,paid,100.0,Others,Saturday
2025-10-25,8:01 AM,Paid to R S Jahnavi,T2510250801515947203659,paid,10.0,Others,Saturday
2025-10-25,7:35 AM,Paid to Sri Venkateswara hotel,T2510250735245890859441,paid,100.0,Others,Saturday
2025-10-25,7:26 AM,Paid to GKRUPAVATHI,T2510250726306506361453,paid,30.0,Others,Saturday
2025-10-24,6:04 PM,Paid to The cocoa craft,T2510241804407904760178,paid,109.0,Others,Friday
2025-10-24,5:51 PM,Paid to D Praveen Kumar,T2510241751393483322131,paid,100.0,Others,Friday
2025-10-24,5:49 PM,Paid to Manoj Gupta snacks center,T2510241749376297204328,paid,80.0,Others,Friday
2025-10-23,7:27 PM,Paid to Raju Jat,T2510231927371063281013,paid,25.0,Others,Thursday
2025-10-23,1:37 PM,Paid to SWIGGY,T2510231337161870456773,paid,233.0,Food,Thursday
2025-10-23,7:52 AM,Mobile recharged 9398971980,NB25102307522407383376052,paid,352.0,Recharge,Thursday
2025-10-22,9:23 PM,Received from Mr Mulakalacheruvu Prathap Kumar,T2510222123390875126735,received,1000.0,Others,Wednesday
2025-10-22,5:09 PM,Paid to MEESHO TECHNOLOGIES PRIVATE LIMITED,T2510221709136291798975,paid,79.0,Shopping,Wednesday
2025-10-22,8:55 AM,Received from Amma😍,T2510220855194135880560,received,1000.0,Others,Wednesday
2025-10-22,12:28 AM,Mobile recharged 9618314970,NB25102200284022722587692,paid,33.0,Recharge,Wednesday
2025-10-21,6:59 PM,Mobile recharged 9701731609,NB25102118592622014889572,paid,19.0,Recharge,Tuesday
2025-10-21,12:32 AM,Mobile recharged 9618314970,NB25102100325301780113122,paid,33.0,Recharge,Tuesday
2025-10-18,12:17 AM,Mobile recharged 9618314970,NB25101800170429693674872,paid,33.0,Recharge,Saturday
2025-10-17,6:33 PM,Paid to Koppu Ramanaiah shop,T2510171833106096760478,paid,20.0,Others,Friday
2025-10-17,5:07 PM,Paid to Meesho,T2510171707288878602889,paid,203.0,Shopping,Friday
2025-10-17,3:38 PM,Mobile recharged 9618314970,NB25101715382703701057902,paid,33.0,Recharge,Friday
2025-10-16,11:29 PM,Paid to SWIGGY,T2510162329091490859784,paid,175.0,Food,Thursday
2025-10-16,11:27 PM,Paid to SWIGGY,T2510162327135743270297,paid,213.0,Food,Thursday
2025-10-16,9:15 PM,Paid to MALLE  MANI,T2510162115384626976371,paid,60.0,Shopping,Thursday
2025-10-16,5:18 PM,Paid to Pg,T2510161718025747520985,paid,4200.0,Others,Thursday
2025-10-16,3:26 PM,Paid to Sri sai stores 22,T2510161526428331365369,paid,15.0,Others,Thursday
2025-10-16,1:17 PM,Paid to SVC STALL,T2510161317319461317695,paid,25.0,Others,Thursday
2025-10-15,8:43 PM,Paid to Sobana Kmc,T2510152043532936318663,paid,500.0,Others,Wednesday
2025-10-15,8:42 PM,Received from Mr Mulakalacheruvu Prathap Kumar,T2510152042155603292701,received,500.0,Others,Wednesday
2025-10-14,8:29 PM,Received from Chinna,T2510142029244408187192,received,1000.0,Others,Tuesday
2025-10-14,5:27 PM,Received from Sweet Home,T2510141727418180229312,received,1000.0,Others,Tuesday
2025-10-14,5:16 PM,Paid to DMART AVENUE SUPERMARTS LTD,T2510141716177908682542,paid,1379.0,Shopping,Tuesday
2025-10-14,4:23 PM,Paid to T CHANDRAKALA,T2510141623042664538798,paid,40.0,Others,Tuesday
2025-10-14,12:30 PM,Received from Marva💫,T2510141230179130585701,received,20.0,Others,Tuesday
2025-10-14,12:29 PM,Paid to SVC STALL,T2510141229498443224660,paid,45.0,Others,Tuesday
2025-10-13,10:56 AM,Received from Mr Mulakalacheruvu Prathap Kumar,T2510131056384115127054,received,4500.0,Others,Monday
2025-10-10,7:33 PM,Paid to Koppu Ramanaiah shop,T2510101933221376416449,paid,20.0,Others,Friday
2025-10-09,4:49 PM,Paid to Balaji Bakery,T2510091649206711144030,paid,60.0,Food,Thursday
2025-10-09,4:47 PM,Paid to Sivam ice cream,T2510091647007930370706,paid,85.0,Others,Thursday
2025-10-09,4:42 PM,Paid to B HARI KRISHNA,T2510091642249920135838,paid,40.0,Others,Thursday
2025-10-08,5:48 PM,Paid to GEETHA M,T2510081748090815181944,paid,30.0,Others,Wednesday
2025-10-08,5:36 PM,Paid to Alluru Rohith Kumar,T2510081736398121340506,paid,20.0,Others,Wednesday
2025-10-08,5:35 PM,Paid to Alluru Rohith Kumar,T2510081735560731729325,paid,40.0,Others,Wednesday
2025-10-08,5:23 PM,Paid to AVENUE SUPERMARTS LTD,T2510081723073603817891,paid,265.5,Others,Wednesday
2025-10-07,5:22 PM,Paid to Akilesh K L,T2510071722027742867427,paid,100.0,Others,Tuesday
2025-10-07,5:09 PM,Paid to RAJESH KUMAR,T2510071709395312579321,paid,20.0,Others,Tuesday
2025-10-05,9:43 PM,Paid to Venugopal P,T2510052143270659423812,paid,60.0,Others,Sunday
2025-10-05,6:15 PM,Paid to Ms GOWTHAMI  MULAKALACHERUVU,T2510051815188230801116,paid,500.0,Others,Sunday
2025-10-01,1:35 PM,Received from Sweet Home,T2510011335043684653133,received,500.0,Others,Wednesday
2025-09-30,10:55 AM,Paid to MrShaik Shafida,T2509301055324269036619,paid,31.0,Others,Tuesday
2025-09-29,1:29 PM,Mobile recharged 9701731609,NB25092913294160458416812,paid,19.0,Recharge,Monday
2025-09-29,1:29 PM,Mobile recharged 9618314970,NB25092913291373956387392,paid,33.0,Recharge,Monday
2025-09-28,9:38 AM,Paid to Badam Datta Mahesh,T2509280938467767565586,paid,20.0,Others,Sunday
2025-09-28,6:17 AM,Paid to Indian Railways,T2509280617049319227429,paid,70.0,Others,Sunday
2025-09-28,6:16 AM,Paid to Indian Railways,T2509280616226326964586,paid,50.0,Others,Sunday
2025-09-27,11:21 PM,Paid to IIT GUWAHATI GATE,T2509272321292271883191,paid,1000.0,Others,Saturday
2025-09-27,3:10 PM,Paid to SATEESH KUMAR,T2509271509581011094115,paid,40.0,Others,Saturday
2025-09-27,2:24 PM,Mobile recharged 9618314970,NB25092714242537317516492,paid,222.0,Recharge,Saturday
2025-09-27,11:35 AM,Payment to JioHotstar,OM2509261135313554835486,paid,149.0,Entertainment,Saturday
2025-09-26,9:39 PM,Paid to Mr C Amaravathi,T2509262139467936110905,paid,55.0,Others,Friday
2025-09-26,9:33 PM,Paid to S Mahendran,T2509262133372591906281,paid,140.0,Others,Friday
2025-09-25,9:32 PM,Paid to SWIGGY,T2509252131586270921060,paid,138.0,Food,Thursday
2025-09-25,1:15 PM,Paid to SVC STALL,T2509251315525666112812,paid,65.0,Others,Thursday
2025-09-24,4:48 PM,Paid to Vallepu Tirupathaiah,T2509241648262237765299,paid,20.0,Others,Wednesday
2025-09-24,4:45 PM,Paid to M KUSUMA KUMARI,T2509241645036544401061,paid,24.0,Others,Wednesday
2025-09-24,4:36 PM,Paid to M  VENKATESH,T2509241636424508240960,paid,40.0,Others,Wednesday
2025-09-23,9:49 PM,Received from Mr Mulakalacheruvu Prathap Kumar,T2509232149173306853022,received,1000.0,Others,Tuesday
2025-09-23,5:30 PM,Paid to C Giri,T2509231730068186312593,paid,20.0,Others,Tuesday
2025-09-23,5:26 PM,Paid to M S SRI SAI MEDICAL STORE,T2509231726525108493033,paid,54.0,Health,Tuesday
2025-09-23,12:20 PM,Paid to SVC STALL,T2509231220149549913560,paid,50.0,Others,Tuesday
2025-09-23,8:59 AM,Paid to S  BALAJI,T2509230859507839991752,paid,20.0,Others,Tuesday
2025-09-23,8:26 AM,Mobile recharged 9398971980,NB25092308265491214517072,paid,352.0,Recharge,Tuesday
